order_id,event_id,event_version,order_timestamp_utc,region_code,category_code,currency_code,gross_amount,customer_segment,source_updated_at,ingested_at
SO-202608-00001,CDC-00000001,1,2026-08-01T00:03:49Z,BC,DEV,CAD,1497.82,Enterprise,2026-08-01T00:05:02Z,2026-09-26T17:30:00Z
SO-202608-00002,CDC-00000002,1,2026-08-01T03:39:18Z,QC,ACC,CAD,65.14,SMB,2026-08-01T03:45:03Z,2026-09-26T17:30:00Z
SO-202608-00003,CDC-00000003,1,2026-08-01T04:48:18Z,AB,DEV,CAD,688.82,Enterprise,2026-08-01T04:55:27Z,2026-09-26T17:30:00Z
SO-202608-00004,CDC-00000004,1,2026-08-01T05:38:16Z,AB,SVC,CAD,742.75,SMB,2026-08-01T05:42:35Z,2026-09-26T17:30:00Z
SO-202608-00005,CDC-00000005,1,2026-08-01T06:02:23Z,ON,ACC,CAD,97.4,Consumer,2026-08-01T06:09:08Z,2026-09-26T17:30:00Z
SO-202608-00006,CDC-00000006,1,2026-08-01T07:54:51Z,BC,DEV,USD,1666.52,Enterprise,2026-08-01T08:03:55Z,2026-09-26T17:30:00Z
SO-202608-00007,CDC-00000007,1,2026-08-01T08:06:57Z,BC,ACC,USD,63.48,Enterprise,2026-08-01T08:07:12Z,2026-09-26T17:30:00Z
SO-202608-00008,CDC-00000008,1,2026-08-01T09:32:22Z,BC,DEV,CAD,1738.37,Consumer,2026-08-01T09:37:24Z,2026-09-26T17:30:00Z
SO-202608-00009,CDC-00000009,1,2026-08-01T09:40:39Z,BC,DEV,CAD,774.88,SMB,2026-08-01T09:44:34Z,2026-09-26T17:30:00Z
SO-202608-00010,CDC-00000010,1,2026-08-01T11:01:05Z,QC,SVC,CAD,239.57,Consumer,2026-08-01T11:02:35Z,2026-09-26T17:30:00Z
SO-202608-00011,CDC-00000011,1,2026-08-01T11:30:43Z,AB,ACC,CAD,169.25,Consumer,2026-08-01T11:31:57Z,2026-09-26T17:30:00Z
SO-202608-00012,CDC-00000012,1,2026-08-01T13:11:20Z,ON,ACC,CAD,204.4,Consumer,2026-08-01T13:12:49Z,2026-09-26T17:30:00Z
SO-202608-00013,CDC-00000013,1,2026-08-01T13:40:58Z,QC,SVC,CAD,376.99,Enterprise,2026-08-01T13:42:53Z,2026-09-26T17:30:00Z
SO-202608-00014,CDC-00000014,1,2026-08-01T13:53:12Z,BC,SVC,CAD,995.39,SMB,2026-08-01T14:01:41Z,2026-09-26T17:30:00Z
SO-202608-00015,CDC-00000015,1,2026-08-01T14:40:27Z,ON,ACC,CAD,47.5,Enterprise,2026-08-01T14:43:04Z,2026-09-26T17:30:00Z
SO-202608-00016,CDC-00000016,1,2026-08-01T14:53:16Z,BC,SVC,CAD,633.98,Consumer,2026-08-01T15:02:08Z,2026-09-26T17:30:00Z
SO-202608-00017,CDC-00000017,1,2026-08-01T15:40:37Z,BC,DEV,CAD,856.21,Consumer,2026-08-01T15:44:16Z,2026-09-26T17:30:00Z
SO-202608-00018,CDC-00000018,1,2026-08-01T16:30:44Z,QC,DEV,CAD,1355.85,Enterprise,2026-08-01T16:32:20Z,2026-09-26T17:30:00Z
SO-202608-00019,CDC-00000019,1,2026-08-01T18:25:29Z,ON,DEV,CAD,1675.41,Consumer,2026-08-01T18:26:05Z,2026-09-26T17:30:00Z
SO-202608-00020,CDC-00000020,1,2026-08-01T18:35:17Z,ON,SVC,CAD,525.37,Consumer,2026-08-01T18:43:30Z,2026-09-26T17:30:00Z
SO-202608-00021,CDC-00000021,1,2026-08-01T19:41:03Z,QC,ACC,CAD,145.39,Enterprise,2026-08-01T19:44:15Z,2026-09-26T17:30:00Z
SO-202608-00022,CDC-00000022,1,2026-08-01T20:50:34Z,BC,SVC,USD,1156.44,SMB,2026-08-01T20:51:03Z,2026-09-26T17:30:00Z
SO-202608-00023,CDC-00000023,1,2026-08-01T20:57:13Z,BC,DEV,CAD,1237.55,SMB,2026-08-01T21:04:49Z,2026-09-26T17:30:00Z
SO-202608-00024,CDC-00000024,1,2026-08-01T21:25:22Z,QC,ACC,CAD,31.87,SMB,2026-08-01T21:28:21Z,2026-09-26T17:30:00Z
SO-202608-00025,CDC-00000025,1,2026-08-01T21:30:03Z,AB,DEV,CAD,560.79,SMB,2026-08-01T21:33:54Z,2026-09-26T17:30:00Z
SO-202608-00026,CDC-00000026,1,2026-08-01T21:49:43Z,BC,ACC,CAD,88.8,Enterprise,2026-08-01T21:50:13Z,2026-09-26T17:30:00Z
SO-202608-00027,CDC-00000027,1,2026-08-01T22:33:27Z,QC,ACC,CAD,127.82,Consumer,2026-08-01T22:41:44Z,2026-09-26T17:30:00Z
SO-202608-00028,CDC-00000028,1,2026-08-01T22:53:17Z,ON,ACC,CAD,110.04,Enterprise,2026-08-01T22:56:29Z,2026-09-26T17:30:00Z
SO-202608-00029,CDC-00000029,1,2026-08-01T23:20:12Z,ON,ACC,CAD,191.66,Enterprise,2026-08-01T23:21:03Z,2026-09-26T17:30:00Z
SO-202608-00030,CDC-00000030,1,2026-08-02T00:47:13Z,AB,DEV,CAD,1485.51,Consumer,2026-08-02T00:50:46Z,2026-09-26T17:30:00Z
SO-202608-00031,CDC-00000031,1,2026-08-02T00:47:33Z,BC,SVC,CAD,1223.15,Enterprise,2026-08-02T00:48:43Z,2026-09-26T17:30:00Z
SO-202608-00032,CDC-00000032,1,2026-08-02T04:02:42Z,AB,SVC,CAD,680.06,SMB,2026-08-02T04:04:29Z,2026-09-26T17:30:00Z
SO-202608-00033,CDC-00000033,1,2026-08-02T04:08:03Z,BC,SVC,CAD,414.4,Consumer,2026-08-02T04:15:27Z,2026-09-26T17:30:00Z
SO-202608-00034,CDC-00000034,1,2026-08-02T04:16:28Z,ON,DEV,CAD,818.23,Enterprise,2026-08-02T04:22:53Z,2026-09-26T17:30:00Z
SO-202608-00035,CDC-00000035,1,2026-08-02T04:38:21Z,QC,ACC,CAD,204.88,Consumer,2026-08-02T04:43:21Z,2026-09-26T17:30:00Z
SO-202608-00036,CDC-00000036,1,2026-08-02T06:04:54Z,BC,SVC,CAD,1083.27,Enterprise,2026-08-02T06:10:04Z,2026-09-26T17:30:00Z
SO-202608-00037,CDC-00000037,1,2026-08-02T06:13:53Z,ON,ACC,CAD,187.06,Consumer,2026-08-02T06:14:02Z,2026-09-26T17:30:00Z
SO-202608-00038,CDC-00000038,1,2026-08-02T06:25:05Z,ON,SVC,CAD,1223.8,Enterprise,2026-08-02T06:28:16Z,2026-09-26T17:30:00Z
SO-202608-00039,CDC-00000039,1,2026-08-02T07:23:12Z,BC,SVC,CAD,374.81,Consumer,2026-08-02T07:24:36Z,2026-09-26T17:30:00Z
SO-202608-00040,CDC-00000040,1,2026-08-02T08:47:18Z,QC,ACC,CAD,115.2,SMB,2026-08-02T08:52:40Z,2026-09-26T17:30:00Z
SO-202608-00041,CDC-00000041,1,2026-08-02T08:47:33Z,QC,DEV,CAD,2384.23,Consumer,2026-08-02T08:48:34Z,2026-09-26T17:30:00Z
SO-202608-00042,CDC-00000042,1,2026-08-02T10:36:16Z,QC,DEV,CAD,1724.85,Enterprise,2026-08-02T10:43:35Z,2026-09-26T17:30:00Z
SO-202608-00043,CDC-00000043,1,2026-08-02T10:49:24Z,BC,ACC,CAD,64.21,SMB,2026-08-02T10:50:09Z,2026-09-26T17:30:00Z
SO-202608-00044,CDC-00000044,1,2026-08-02T13:05:12Z,QC,DEV,CAD,1863.2,Enterprise,2026-08-02T13:05:26Z,2026-09-26T17:30:00Z
SO-202608-00045,CDC-00000045,1,2026-08-02T13:28:09Z,ON,DEV,CAD,1041.1,Consumer,2026-08-02T13:37:24Z,2026-09-26T17:30:00Z
SO-202608-00046,CDC-00000046,1,2026-08-02T13:58:06Z,ON,DEV,CAD,1791.2,SMB,2026-08-02T14:08:00Z,2026-09-26T17:30:00Z
SO-202608-00047,CDC-00000047,1,2026-08-02T14:00:56Z,AB,ACC,CAD,214.66,Consumer,2026-08-02T14:05:29Z,2026-09-26T17:30:00Z
SO-202608-00048,CDC-00000048,1,2026-08-02T15:12:08Z,ON,DEV,CAD,943.91,Consumer,2026-08-02T15:19:40Z,2026-09-26T17:30:00Z
SO-202608-00049,CDC-00000049,1,2026-08-02T18:28:36Z,QC,ACC,CAD,89.92,Consumer,2026-08-02T18:35:58Z,2026-09-26T17:30:00Z
SO-202608-00050,CDC-00000050,1,2026-08-02T19:38:18Z,ON,SVC,CAD,866.32,Enterprise,2026-08-02T19:38:35Z,2026-09-26T17:30:00Z
SO-202608-00051,CDC-00000051,1,2026-08-02T20:00:27Z,BC,DEV,CAD,1315.75,Enterprise,2026-08-02T20:04:32Z,2026-09-26T17:30:00Z
SO-202608-00052,CDC-00000052,1,2026-08-02T20:08:16Z,QC,SVC,CAD,1290.62,Enterprise,2026-08-02T20:11:44Z,2026-09-26T17:30:00Z
SO-202608-00053,CDC-00000053,1,2026-08-02T20:10:01Z,AB,ACC,USD,204.74,Consumer,2026-08-02T20:12:04Z,2026-09-26T17:30:00Z
SO-202608-00054,CDC-00000054,1,2026-08-02T20:34:51Z,ON,DEV,CAD,1520.68,Consumer,2026-08-02T20:40:06Z,2026-09-26T17:30:00Z
SO-202608-00055,CDC-00000055,1,2026-08-02T20:36:53Z,ON,SVC,USD,1387.87,Enterprise,2026-08-02T20:42:27Z,2026-09-26T17:30:00Z
SO-202608-00056,CDC-00000056,1,2026-08-02T20:42:09Z,ON,DEV,CAD,421.81,Enterprise,2026-08-02T20:45:41Z,2026-09-26T17:30:00Z
SO-202608-00057,CDC-00000057,1,2026-08-02T21:28:53Z,ON,ACC,CAD,217.89,Enterprise,2026-08-02T21:29:53Z,2026-09-26T17:30:00Z
SO-202608-00058,CDC-00000058,1,2026-08-02T21:56:19Z,BC,ACC,CAD,214.02,Enterprise,2026-08-02T22:03:21Z,2026-09-26T17:30:00Z
SO-202608-00059,CDC-00000059,1,2026-08-02T22:05:30Z,ON,ACC,USD,183.87,Enterprise,2026-08-02T22:13:04Z,2026-09-26T17:30:00Z
SO-202608-00060,CDC-00000060,1,2026-08-02T22:48:25Z,ON,SVC,CAD,396.4,Enterprise,2026-08-02T22:56:09Z,2026-09-26T17:30:00Z
SO-202608-00061,CDC-00000061,1,2026-08-03T00:09:09Z,QC,SVC,CAD,1364.53,Consumer,2026-08-03T00:13:05Z,2026-09-26T17:30:00Z
SO-202608-00062,CDC-00000062,1,2026-08-03T01:14:56Z,BC,SVC,CAD,1002.08,SMB,2026-08-03T01:23:21Z,2026-09-26T17:30:00Z
SO-202608-00063,CDC-00000063,1,2026-08-03T01:18:17Z,ON,ACC,USD,36.49,Enterprise,2026-08-03T01:22:42Z,2026-09-26T17:30:00Z
SO-202608-00064,CDC-00000064,1,2026-08-03T01:55:07Z,BC,SVC,CAD,409.15,Consumer,2026-08-03T01:58:02Z,2026-09-26T17:30:00Z
SO-202608-00065,CDC-00000065,1,2026-08-03T02:38:43Z,BC,DEV,CAD,1882.28,SMB,2026-08-03T02:48:03Z,2026-09-26T17:30:00Z
SO-202608-00066,CDC-00000066,1,2026-08-03T06:28:09Z,AB,SVC,CAD,407.62,Consumer,2026-08-03T06:36:08Z,2026-09-26T17:30:00Z
SO-202608-00067,CDC-00000067,1,2026-08-03T06:55:44Z,QC,DEV,CAD,739.28,Enterprise,2026-08-03T06:58:51Z,2026-09-26T17:30:00Z
SO-202608-00068,CDC-00000068,1,2026-08-03T08:38:56Z,AB,ACC,CAD,121.67,SMB,2026-08-03T08:39:35Z,2026-09-26T17:30:00Z
SO-202608-00069,CDC-00000069,1,2026-08-03T09:42:24Z,ON,DEV,CAD,1374.13,SMB,2026-08-03T09:51:15Z,2026-09-26T17:30:00Z
SO-202608-00070,CDC-00000070,1,2026-08-03T10:31:30Z,ON,DEV,CAD,989.82,Enterprise,2026-08-03T10:39:52Z,2026-09-26T17:30:00Z
SO-202608-00071,CDC-00000071,1,2026-08-03T10:33:06Z,QC,ACC,CAD,116.21,Enterprise,2026-08-03T10:40:55Z,2026-09-26T17:30:00Z
SO-202608-00072,CDC-00000072,1,2026-08-03T11:12:24Z,BC,DEV,CAD,1894.68,Enterprise,2026-08-03T11:17:09Z,2026-09-26T17:30:00Z
SO-202608-00073,CDC-00000073,1,2026-08-03T11:31:05Z,QC,ACC,CAD,119.17,Consumer,2026-08-03T11:40:38Z,2026-09-26T17:30:00Z
SO-202608-00074,CDC-00000074,1,2026-08-03T11:42:24Z,QC,DEV,CAD,2181.69,SMB,2026-08-03T11:47:49Z,2026-09-26T17:30:00Z
SO-202608-00075,CDC-00000075,1,2026-08-03T12:24:31Z,ON,SVC,CAD,825.11,Consumer,2026-08-03T12:27:39Z,2026-09-26T17:30:00Z
SO-202608-00076,CDC-00000076,1,2026-08-03T12:34:00Z,QC,ACC,CAD,116.83,Enterprise,2026-08-03T12:41:02Z,2026-09-26T17:30:00Z
SO-202608-00077,CDC-00000077,1,2026-08-03T12:46:36Z,AB,ACC,CAD,217.11,Consumer,2026-08-03T12:52:22Z,2026-09-26T17:30:00Z
SO-202608-00078,CDC-00000078,1,2026-08-03T13:07:15Z,QC,ACC,USD,156.91,SMB,2026-08-03T13:07:17Z,2026-09-26T17:30:00Z
SO-202608-00079,CDC-00000079,1,2026-08-03T13:27:41Z,AB,ACC,CAD,126.49,SMB,2026-08-03T13:31:52Z,2026-09-26T17:30:00Z
SO-202608-00080,CDC-00000080,1,2026-08-03T13:28:04Z,QC,DEV,CAD,1942.35,Consumer,2026-08-03T13:37:31Z,2026-09-26T17:30:00Z
SO-202608-00081,CDC-00000081,1,2026-08-03T13:37:19Z,QC,ACC,CAD,201.29,Enterprise,2026-08-03T13:44:05Z,2026-09-26T17:30:00Z
SO-202608-00082,CDC-00000082,1,2026-08-03T14:37:23Z,ON,SVC,CAD,383.5,Enterprise,2026-08-03T14:44:32Z,2026-09-26T17:30:00Z
SO-202608-00083,CDC-00000083,1,2026-08-03T15:51:57Z,ON,DEV,CAD,1542.67,SMB,2026-08-03T15:52:43Z,2026-09-26T17:30:00Z
SO-202608-00084,CDC-00000084,1,2026-08-03T16:09:34Z,BC,DEV,CAD,2081.97,Enterprise,2026-08-03T16:14:14Z,2026-09-26T17:30:00Z
SO-202608-00085,CDC-00000085,1,2026-08-03T16:29:36Z,ON,SVC,CAD,294.97,Enterprise,2026-08-03T16:34:15Z,2026-09-26T17:30:00Z
SO-202608-00086,CDC-00000086,1,2026-08-03T16:33:56Z,QC,SVC,CAD,1206.49,Enterprise,2026-08-03T16:43:48Z,2026-09-26T17:30:00Z
SO-202608-00087,CDC-00000087,1,2026-08-03T16:34:25Z,ON,ACC,CAD,180.66,Consumer,2026-08-03T16:37:56Z,2026-09-26T17:30:00Z
SO-202608-00088,CDC-00000088,1,2026-08-03T17:08:26Z,AB,SVC,CAD,994.83,Consumer,2026-08-03T17:09:17Z,2026-09-26T17:30:00Z
SO-202608-00089,CDC-00000089,1,2026-08-03T17:23:13Z,ON,SVC,CAD,1130.42,Consumer,2026-08-03T17:31:03Z,2026-09-26T17:30:00Z
SO-202608-00090,CDC-00000090,1,2026-08-03T17:36:13Z,BC,SVC,CAD,752.93,Consumer,2026-08-03T17:39:58Z,2026-09-26T17:30:00Z
SO-202608-00091,CDC-00000091,1,2026-08-03T18:10:24Z,ON,SVC,CAD,432.7,SMB,2026-08-03T18:12:50Z,2026-09-26T17:30:00Z
SO-202608-00092,CDC-00000092,1,2026-08-03T18:59:48Z,ON,ACC,CAD,178.88,SMB,2026-08-03T19:04:07Z,2026-09-26T17:30:00Z
SO-202608-00093,CDC-00000093,1,2026-08-03T19:03:18Z,BC,DEV,CAD,2028.12,SMB,2026-08-03T19:04:19Z,2026-09-26T17:30:00Z
SO-202608-00094,CDC-00000094,1,2026-08-03T19:55:39Z,ON,DEV,CAD,2173.11,Enterprise,2026-08-03T20:04:27Z,2026-09-26T17:30:00Z
SO-202608-00095,CDC-00000095,1,2026-08-03T20:49:41Z,ON,ACC,CAD,112.47,Enterprise,2026-08-03T20:57:14Z,2026-09-26T17:30:00Z
SO-202608-00096,CDC-00000096,1,2026-08-03T21:23:12Z,ON,ACC,CAD,48.42,SMB,2026-08-03T21:31:19Z,2026-09-26T17:30:00Z
SO-202608-00097,CDC-00000097,1,2026-08-03T21:34:46Z,AB,SVC,CAD,324.82,Enterprise,2026-08-03T21:44:08Z,2026-09-26T17:30:00Z
SO-202608-00098,CDC-00000098,1,2026-08-03T22:59:06Z,AB,SVC,CAD,1172.11,SMB,2026-08-03T23:07:17Z,2026-09-26T17:30:00Z
SO-202608-00099,CDC-00000099,1,2026-08-03T23:15:13Z,ON,ACC,CAD,203.4,Consumer,2026-08-03T23:19:46Z,2026-09-26T17:30:00Z
SO-202608-00100,CDC-00000100,1,2026-08-03T23:25:56Z,ON,ACC,CAD,211.05,Consumer,2026-08-03T23:31:57Z,2026-09-26T17:30:00Z
SO-202608-00101,CDC-00000101,1,2026-08-04T00:01:24Z,ON,SVC,CAD,1201.38,Consumer,2026-08-04T00:09:32Z,2026-09-26T17:30:00Z
SO-202608-00102,CDC-00000102,1,2026-08-04T00:12:13Z,AB,DEV,CAD,1649.67,Enterprise,2026-08-04T00:17:40Z,2026-09-26T17:30:00Z
SO-202608-00103,CDC-00000103,1,2026-08-04T02:37:04Z,BC,DEV,CAD,2019.71,Enterprise,2026-08-04T02:39:40Z,2026-09-26T17:30:00Z
SO-202608-00104,CDC-00000104,1,2026-08-04T03:28:39Z,ON,ACC,CAD,214.98,Consumer,2026-08-04T03:33:47Z,2026-09-26T17:30:00Z
SO-202608-00105,CDC-00000105,1,2026-08-04T03:51:36Z,QC,DEV,CAD,1753.97,Consumer,2026-08-04T03:52:06Z,2026-09-26T17:30:00Z
SO-202608-00106,CDC-00000106,1,2026-08-04T04:38:31Z,QC,DEV,CAD,1293.38,Consumer,2026-08-04T04:45:07Z,2026-09-26T17:30:00Z
SO-202608-00107,CDC-00000107,1,2026-08-04T06:10:09Z,ON,DEV,CAD,2307,SMB,2026-08-04T06:11:59Z,2026-09-26T17:30:00Z
SO-202608-00108,CDC-00000108,1,2026-08-04T07:20:47Z,ON,ACC,CAD,45.48,SMB,2026-08-04T07:20:51Z,2026-09-26T17:30:00Z
SO-202608-00109,CDC-00000109,1,2026-08-04T07:33:26Z,ON,ACC,CAD,67.5,SMB,2026-08-04T07:33:35Z,2026-09-26T17:30:00Z
SO-202608-00110,CDC-00000110,1,2026-08-04T08:23:31Z,ON,DEV,CAD,1156.59,Consumer,2026-08-04T08:23:44Z,2026-09-26T17:30:00Z
SO-202608-00111,CDC-00000111,1,2026-08-04T09:16:25Z,AB,ACC,CAD,190.51,Consumer,2026-08-04T09:16:57Z,2026-09-26T17:30:00Z
SO-202608-00112,CDC-00000112,1,2026-08-04T09:27:05Z,ON,SVC,CAD,1157.01,Enterprise,2026-08-04T09:30:48Z,2026-09-26T17:30:00Z
SO-202608-00113,CDC-00000113,1,2026-08-04T09:48:09Z,BC,ACC,CAD,218.41,SMB,2026-08-04T09:50:05Z,2026-09-26T17:30:00Z
SO-202608-00114,CDC-00000114,1,2026-08-04T09:56:30Z,ON,DEV,CAD,2074.29,SMB,2026-08-04T09:59:41Z,2026-09-26T17:30:00Z
SO-202608-00115,CDC-00000115,1,2026-08-04T11:39:43Z,ON,SVC,CAD,943.52,Enterprise,2026-08-04T11:48:28Z,2026-09-26T17:30:00Z
SO-202608-00116,CDC-00000116,1,2026-08-04T12:57:39Z,ON,DEV,CAD,1137.72,SMB,2026-08-04T13:05:52Z,2026-09-26T17:30:00Z
SO-202608-00117,CDC-00000117,1,2026-08-04T13:02:22Z,ON,SVC,CAD,334.51,Consumer,2026-08-04T13:04:58Z,2026-09-26T17:30:00Z
SO-202608-00118,CDC-00000118,1,2026-08-04T13:52:17Z,QC,SVC,CAD,835.11,SMB,2026-08-04T14:02:11Z,2026-09-26T17:30:00Z
SO-202608-00119,CDC-00000119,1,2026-08-04T16:27:13Z,ON,ACC,CAD,188.14,Consumer,2026-08-04T16:28:45Z,2026-09-26T17:30:00Z
SO-202608-00120,CDC-00000120,1,2026-08-04T16:50:47Z,QC,ACC,CAD,135.65,Consumer,2026-08-04T16:58:58Z,2026-09-26T17:30:00Z
SO-202608-00121,CDC-00000121,1,2026-08-04T17:30:10Z,AB,SVC,CAD,764.26,SMB,2026-08-04T17:36:35Z,2026-09-26T17:30:00Z
SO-202608-00122,CDC-00000122,1,2026-08-04T18:39:00Z,ON,DEV,CAD,1934.49,Consumer,2026-08-04T18:46:12Z,2026-09-26T17:30:00Z
SO-202608-00123,CDC-00000123,1,2026-08-04T18:54:13Z,ON,DEV,USD,2280.46,SMB,2026-08-04T18:55:52Z,2026-09-26T17:30:00Z
SO-202608-00124,CDC-00000124,1,2026-08-04T20:56:26Z,AB,ACC,CAD,182.9,Enterprise,2026-08-04T21:05:14Z,2026-09-26T17:30:00Z
SO-202608-00125,CDC-00000125,1,2026-08-04T21:02:19Z,BC,ACC,CAD,171.49,SMB,2026-08-04T21:10:47Z,2026-09-26T17:30:00Z
SO-202608-00126,CDC-00000126,1,2026-08-04T21:08:12Z,ON,ACC,CAD,102.13,SMB,2026-08-04T21:14:38Z,2026-09-26T17:30:00Z
SO-202608-00127,CDC-00000127,1,2026-08-04T21:34:13Z,AB,SVC,CAD,1232.91,Enterprise,2026-08-04T21:39:30Z,2026-09-26T17:30:00Z
SO-202608-00128,CDC-00000128,1,2026-08-04T22:07:38Z,AB,DEV,CAD,1812.22,Consumer,2026-08-04T22:09:22Z,2026-09-26T17:30:00Z
SO-202608-00129,CDC-00000129,1,2026-08-04T23:11:40Z,AB,DEV,CAD,686.79,Consumer,2026-08-04T23:20:24Z,2026-09-26T17:30:00Z
SO-202608-00130,CDC-00000130,1,2026-08-04T23:22:59Z,AB,DEV,CAD,1475.08,Consumer,2026-08-04T23:30:10Z,2026-09-26T17:30:00Z
SO-202608-00131,CDC-00000131,1,2026-08-05T01:32:18Z,ON,DEV,CAD,1877.59,Enterprise,2026-08-05T01:34:10Z,2026-09-26T17:30:00Z
SO-202608-00132,CDC-00000132,1,2026-08-05T03:14:13Z,BC,ACC,CAD,161.26,Consumer,2026-08-05T03:18:04Z,2026-09-26T17:30:00Z
SO-202608-00133,CDC-00000133,1,2026-08-05T03:41:02Z,BC,SVC,CAD,286.76,Consumer,2026-08-05T03:50:09Z,2026-09-26T17:30:00Z
SO-202608-00134,CDC-00000134,1,2026-08-05T04:28:15Z,AB,DEV,CAD,2123.34,Consumer,2026-08-05T04:36:40Z,2026-09-26T17:30:00Z
SO-202608-00135,CDC-00000135,1,2026-08-05T04:38:15Z,ON,ACC,CAD,190.55,Enterprise,2026-08-05T04:45:14Z,2026-09-26T17:30:00Z
SO-202608-00136,CDC-00000136,1,2026-08-05T06:41:13Z,AB,ACC,CAD,90.93,Consumer,2026-08-05T06:41:14Z,2026-09-26T17:30:00Z
SO-202608-00137,CDC-00000137,1,2026-08-05T06:49:17Z,QC,SVC,CAD,883.52,Consumer,2026-08-05T06:53:30Z,2026-09-26T17:30:00Z
SO-202608-00138,CDC-00000138,1,2026-08-05T07:45:40Z,AB,ACC,CAD,77.16,SMB,2026-08-05T07:48:55Z,2026-09-26T17:30:00Z
SO-202608-00139,CDC-00000139,1,2026-08-05T09:07:34Z,ON,ACC,USD,75.78,SMB,2026-08-05T09:16:14Z,2026-09-26T17:30:00Z
SO-202608-00140,CDC-00000140,1,2026-08-05T09:22:41Z,ON,SVC,CAD,489.45,Consumer,2026-08-05T09:29:40Z,2026-09-26T17:30:00Z
SO-202608-00141,CDC-00000141,1,2026-08-05T09:23:26Z,AB,DEV,CAD,1227.91,Consumer,2026-08-05T09:24:01Z,2026-09-26T17:30:00Z
SO-202608-00142,CDC-00000142,1,2026-08-05T09:48:15Z,AB,DEV,CAD,1588.46,Enterprise,2026-08-05T09:49:11Z,2026-09-26T17:30:00Z
SO-202608-00143,CDC-00000143,1,2026-08-05T10:27:05Z,ON,SVC,CAD,965.13,Enterprise,2026-08-05T10:37:01Z,2026-09-26T17:30:00Z
SO-202608-00144,CDC-00000144,1,2026-08-05T10:51:13Z,BC,SVC,USD,1328.49,Enterprise,2026-08-05T10:58:55Z,2026-09-26T17:30:00Z
SO-202608-00145,CDC-00000145,1,2026-08-05T10:53:21Z,ON,DEV,CAD,357.37,Consumer,2026-08-05T10:54:51Z,2026-09-26T17:30:00Z
SO-202608-00146,CDC-00000146,1,2026-08-05T12:17:52Z,ON,DEV,CAD,1610.23,Enterprise,2026-08-05T12:26:14Z,2026-09-26T17:30:00Z
SO-202608-00147,CDC-00000147,1,2026-08-05T13:13:39Z,BC,SVC,CAD,882.86,SMB,2026-08-05T13:17:16Z,2026-09-26T17:30:00Z
SO-202608-00148,CDC-00000148,1,2026-08-05T13:31:39Z,BC,SVC,CAD,837.11,Consumer,2026-08-05T13:41:21Z,2026-09-26T17:30:00Z
SO-202608-00149,CDC-00000149,1,2026-08-05T14:22:39Z,AB,ACC,CAD,143.63,Enterprise,2026-08-05T14:23:22Z,2026-09-26T17:30:00Z
SO-202608-00150,CDC-00000150,1,2026-08-05T15:05:31Z,BC,DEV,CAD,783.52,SMB,2026-08-05T15:14:03Z,2026-09-26T17:30:00Z
SO-202608-00151,CDC-00000151,1,2026-08-05T16:04:23Z,BC,DEV,CAD,1136.39,Consumer,2026-08-05T16:07:09Z,2026-09-26T17:30:00Z
SO-202608-00152,CDC-00000152,1,2026-08-05T16:09:46Z,QC,SVC,CAD,1202.87,Enterprise,2026-08-05T16:19:31Z,2026-09-26T17:30:00Z
SO-202608-00153,CDC-00000153,1,2026-08-05T17:50:05Z,ON,ACC,CAD,49.61,Enterprise,2026-08-05T17:54:45Z,2026-09-26T17:30:00Z
SO-202608-00154,CDC-00000154,1,2026-08-05T18:20:12Z,QC,DEV,CAD,2055.02,Consumer,2026-08-05T18:29:37Z,2026-09-26T17:30:00Z
SO-202608-00155,CDC-00000155,1,2026-08-05T18:36:10Z,ON,DEV,CAD,995.34,Consumer,2026-08-05T18:36:31Z,2026-09-26T17:30:00Z
SO-202608-00156,CDC-00000156,1,2026-08-05T18:56:36Z,QC,DEV,CAD,1255.29,Consumer,2026-08-05T19:06:13Z,2026-09-26T17:30:00Z
SO-202608-00157,CDC-00000157,1,2026-08-05T19:07:06Z,ON,SVC,CAD,623.41,Consumer,2026-08-05T19:08:44Z,2026-09-26T17:30:00Z
SO-202608-00158,CDC-00000158,1,2026-08-05T19:52:19Z,BC,DEV,CAD,797.57,Consumer,2026-08-05T20:01:29Z,2026-09-26T17:30:00Z
SO-202608-00159,CDC-00000159,1,2026-08-05T20:20:19Z,AB,DEV,CAD,1597.55,Enterprise,2026-08-05T20:24:20Z,2026-09-26T17:30:00Z
SO-202608-00160,CDC-00000160,1,2026-08-05T20:38:33Z,ON,ACC,CAD,199.16,Consumer,2026-08-05T20:40:51Z,2026-09-26T17:30:00Z
SO-202608-00161,CDC-00000161,1,2026-08-05T21:17:51Z,QC,ACC,CAD,80.47,Consumer,2026-08-05T21:24:27Z,2026-09-26T17:30:00Z
SO-202608-00162,CDC-00000162,1,2026-08-05T21:20:07Z,BC,SVC,CAD,838.19,Consumer,2026-08-05T21:28:30Z,2026-09-26T17:30:00Z
SO-202608-00163,CDC-00000163,1,2026-08-05T22:17:51Z,ON,DEV,CAD,488.42,SMB,2026-08-05T22:20:34Z,2026-09-26T17:30:00Z
SO-202608-00164,CDC-00000164,1,2026-08-06T00:06:22Z,ON,ACC,USD,138.62,Enterprise,2026-08-06T00:13:46Z,2026-09-26T17:30:00Z
SO-202608-00165,CDC-00000165,1,2026-08-06T00:06:28Z,ON,DEV,CAD,1419.96,Enterprise,2026-08-06T00:06:52Z,2026-09-26T17:30:00Z
SO-202608-00166,CDC-00000166,1,2026-08-06T00:12:43Z,QC,SVC,CAD,1253.55,Consumer,2026-08-06T00:21:25Z,2026-09-26T17:30:00Z
SO-202608-00167,CDC-00000167,1,2026-08-06T00:53:27Z,QC,DEV,CAD,1107.6,Enterprise,2026-08-06T01:02:23Z,2026-09-26T17:30:00Z
SO-202608-00168,CDC-00000168,1,2026-08-06T03:22:38Z,QC,DEV,CAD,2331.72,Consumer,2026-08-06T03:24:05Z,2026-09-26T17:30:00Z
SO-202608-00169,CDC-00000169,1,2026-08-06T03:27:27Z,BC,SVC,CAD,443.98,SMB,2026-08-06T03:31:33Z,2026-09-26T17:30:00Z
SO-202608-00170,CDC-00000170,1,2026-08-06T03:40:05Z,AB,ACC,CAD,36.66,Consumer,2026-08-06T03:48:16Z,2026-09-26T17:30:00Z
SO-202608-00171,CDC-00000171,1,2026-08-06T05:28:22Z,BC,SVC,CAD,1194.79,Consumer,2026-08-06T05:33:54Z,2026-09-26T17:30:00Z
SO-202608-00172,CDC-00000172,1,2026-08-06T05:40:18Z,ON,ACC,CAD,85.52,SMB,2026-08-06T05:43:16Z,2026-09-26T17:30:00Z
SO-202608-00173,CDC-00000173,1,2026-08-06T05:51:02Z,QC,ACC,CAD,166.65,Enterprise,2026-08-06T05:53:08Z,2026-09-26T17:30:00Z
SO-202608-00174,CDC-00000174,1,2026-08-06T06:22:53Z,BC,ACC,CAD,181.5,SMB,2026-08-06T06:26:18Z,2026-09-26T17:30:00Z
SO-202608-00175,CDC-00000175,1,2026-08-06T07:03:09Z,ON,SVC,CAD,1015.1,SMB,2026-08-06T07:07:27Z,2026-09-26T17:30:00Z
SO-202608-00176,CDC-00000176,1,2026-08-06T07:04:45Z,ON,SVC,CAD,263.33,Enterprise,2026-08-06T07:05:16Z,2026-09-26T17:30:00Z
SO-202608-00177,CDC-00000177,1,2026-08-06T07:05:45Z,ON,DEV,CAD,352.01,SMB,2026-08-06T07:11:01Z,2026-09-26T17:30:00Z
SO-202608-00178,CDC-00000178,1,2026-08-06T08:03:03Z,ON,DEV,CAD,1401.19,Consumer,2026-08-06T08:09:42Z,2026-09-26T17:30:00Z
SO-202608-00179,CDC-00000179,1,2026-08-06T08:37:51Z,ON,ACC,USD,206.09,Consumer,2026-08-06T08:44:09Z,2026-09-26T17:30:00Z
SO-202608-00180,CDC-00000180,1,2026-08-06T09:29:23Z,QC,ACC,CAD,192.84,Enterprise,2026-08-06T09:33:13Z,2026-09-26T17:30:00Z
SO-202608-00181,CDC-00000181,1,2026-08-06T10:04:18Z,QC,ACC,CAD,157.52,Consumer,2026-08-06T10:06:06Z,2026-09-26T17:30:00Z
SO-202608-00182,CDC-00000182,1,2026-08-06T10:48:55Z,ON,SVC,CAD,211.59,Consumer,2026-08-06T10:53:36Z,2026-09-26T17:30:00Z
SO-202608-00183,CDC-00000183,1,2026-08-06T13:18:57Z,AB,SVC,USD,1358.83,Enterprise,2026-08-06T13:20:37Z,2026-09-26T17:30:00Z
SO-202608-00184,CDC-00000184,1,2026-08-06T14:40:32Z,ON,SVC,CAD,962.61,Consumer,2026-08-06T14:42:08Z,2026-09-26T17:30:00Z
SO-202608-00185,CDC-00000185,1,2026-08-06T16:10:32Z,BC,DEV,CAD,1284.68,Enterprise,2026-08-06T16:17:02Z,2026-09-26T17:30:00Z
SO-202608-00186,CDC-00000186,1,2026-08-06T16:24:47Z,ON,DEV,CAD,1613.41,Enterprise,2026-08-06T16:27:15Z,2026-09-26T17:30:00Z
SO-202608-00187,CDC-00000187,1,2026-08-06T16:44:51Z,ON,SVC,CAD,1381.11,Enterprise,2026-08-06T16:46:23Z,2026-09-26T17:30:00Z
SO-202608-00188,CDC-00000188,1,2026-08-06T18:00:30Z,AB,SVC,CAD,342.11,Enterprise,2026-08-06T18:01:20Z,2026-09-26T17:30:00Z
SO-202608-00189,CDC-00000189,1,2026-08-06T18:53:19Z,ON,SVC,CAD,256.48,Consumer,2026-08-06T18:57:12Z,2026-09-26T17:30:00Z
SO-202608-00190,CDC-00000190,1,2026-08-06T19:21:31Z,BC,ACC,CAD,181.32,Enterprise,2026-08-06T19:26:44Z,2026-09-26T17:30:00Z
SO-202608-00191,CDC-00000191,1,2026-08-06T19:53:01Z,BC,DEV,CAD,568.11,Consumer,2026-08-06T20:02:40Z,2026-09-26T17:30:00Z
SO-202608-00192,CDC-00000192,1,2026-08-06T21:26:52Z,QC,DEV,CAD,2026.39,Consumer,2026-08-06T21:32:26Z,2026-09-26T17:30:00Z
SO-202608-00193,CDC-00000193,1,2026-08-06T21:33:28Z,ON,DEV,CAD,1731.2,Consumer,2026-08-06T21:42:02Z,2026-09-26T17:30:00Z
SO-202608-00194,CDC-00000194,1,2026-08-06T22:51:31Z,AB,DEV,CAD,2293.64,SMB,2026-08-06T22:57:36Z,2026-09-26T17:30:00Z
SO-202608-00195,CDC-00000195,1,2026-08-07T00:07:22Z,QC,ACC,CAD,184.37,Consumer,2026-08-07T00:14:33Z,2026-09-26T17:30:00Z
SO-202608-00196,CDC-00000196,1,2026-08-07T00:42:30Z,QC,SVC,CAD,867.43,Consumer,2026-08-07T00:51:06Z,2026-09-26T17:30:00Z
SO-202608-00197,CDC-00000197,1,2026-08-07T01:08:54Z,ON,ACC,CAD,91.79,Enterprise,2026-08-07T01:16:40Z,2026-09-26T17:30:00Z
SO-202608-00198,CDC-00000198,1,2026-08-07T02:02:43Z,AB,ACC,CAD,170.57,Consumer,2026-08-07T02:09:35Z,2026-09-26T17:30:00Z
SO-202608-00199,CDC-00000199,1,2026-08-07T02:09:30Z,ON,ACC,CAD,30.19,Enterprise,2026-08-07T02:16:15Z,2026-09-26T17:30:00Z
SO-202608-00200,CDC-00000200,1,2026-08-07T02:15:30Z,ON,DEV,CAD,1507.89,SMB,2026-08-07T02:18:57Z,2026-09-26T17:30:00Z
SO-202608-00201,CDC-00000201,1,2026-08-07T03:17:23Z,ON,SVC,CAD,384.44,Consumer,2026-08-07T03:19:57Z,2026-09-26T17:30:00Z
SO-202608-00202,CDC-00000202,1,2026-08-07T03:46:09Z,ON,SVC,USD,928.95,Enterprise,2026-08-07T03:50:23Z,2026-09-26T17:30:00Z
SO-202608-00203,CDC-00000203,1,2026-08-07T03:57:55Z,QC,ACC,CAD,125.99,Enterprise,2026-08-07T04:00:30Z,2026-09-26T17:30:00Z
SO-202608-00204,CDC-00000204,1,2026-08-07T04:06:56Z,BC,ACC,CAD,55.36,Enterprise,2026-08-07T04:08:45Z,2026-09-26T17:30:00Z
SO-202608-00205,CDC-00000205,1,2026-08-07T06:15:02Z,ON,DEV,USD,1892.37,SMB,2026-08-07T06:23:01Z,2026-09-26T17:30:00Z
SO-202608-00206,CDC-00000206,1,2026-08-07T06:19:20Z,ON,DEV,CAD,715.71,Enterprise,2026-08-07T06:23:26Z,2026-09-26T17:30:00Z
SO-202608-00207,CDC-00000207,1,2026-08-07T07:26:14Z,ON,DEV,CAD,1398.21,SMB,2026-08-07T07:28:15Z,2026-09-26T17:30:00Z
SO-202608-00208,CDC-00000208,1,2026-08-07T07:26:42Z,ON,DEV,CAD,1923.38,Consumer,2026-08-07T07:34:49Z,2026-09-26T17:30:00Z
SO-202608-00209,CDC-00000209,1,2026-08-07T07:50:00Z,AB,DEV,CAD,2289.96,Enterprise,2026-08-07T07:53:27Z,2026-09-26T17:30:00Z
SO-202608-00210,CDC-00000210,1,2026-08-07T10:15:03Z,AB,DEV,CAD,807.06,Enterprise,2026-08-07T10:24:02Z,2026-09-26T17:30:00Z
SO-202608-00211,CDC-00000211,1,2026-08-07T10:21:37Z,ON,ACC,CAD,160.42,Consumer,2026-08-07T10:28:40Z,2026-09-26T17:30:00Z
SO-202608-00212,CDC-00000212,1,2026-08-07T11:50:46Z,ON,ACC,CAD,112.08,SMB,2026-08-07T11:52:59Z,2026-09-26T17:30:00Z
SO-202608-00213,CDC-00000213,1,2026-08-07T12:08:29Z,BC,DEV,CAD,1672.85,SMB,2026-08-07T12:10:46Z,2026-09-26T17:30:00Z
SO-202608-00214,CDC-00000214,1,2026-08-07T12:53:43Z,AB,ACC,CAD,123.23,Consumer,2026-08-07T12:53:46Z,2026-09-26T17:30:00Z
SO-202608-00215,CDC-00000215,1,2026-08-07T13:01:37Z,ON,DEV,CAD,2372.21,SMB,2026-08-07T13:10:37Z,2026-09-26T17:30:00Z
SO-202608-00216,CDC-00000216,1,2026-08-07T13:36:47Z,QC,DEV,CAD,1559.96,Consumer,2026-08-07T13:44:16Z,2026-09-26T17:30:00Z
SO-202608-00217,CDC-00000217,1,2026-08-07T14:54:02Z,QC,DEV,CAD,1303.84,Consumer,2026-08-07T14:54:04Z,2026-09-26T17:30:00Z
SO-202608-00218,CDC-00000218,1,2026-08-07T15:15:02Z,AB,DEV,CAD,1970.24,SMB,2026-08-07T15:23:46Z,2026-09-26T17:30:00Z
SO-202608-00219,CDC-00000219,1,2026-08-07T15:19:00Z,ON,SVC,CAD,651.95,Enterprise,2026-08-07T15:22:37Z,2026-09-26T17:30:00Z
SO-202608-00220,CDC-00000220,1,2026-08-07T17:01:25Z,QC,SVC,CAD,829.77,SMB,2026-08-07T17:07:40Z,2026-09-26T17:30:00Z
SO-202608-00221,CDC-00000221,1,2026-08-07T17:17:58Z,ON,ACC,CAD,183.61,SMB,2026-08-07T17:25:59Z,2026-09-26T17:30:00Z
SO-202608-00222,CDC-00000222,1,2026-08-07T17:27:18Z,BC,ACC,CAD,167.26,Consumer,2026-08-07T17:31:18Z,2026-09-26T17:30:00Z
SO-202608-00223,CDC-00000223,1,2026-08-07T17:27:55Z,AB,SVC,CAD,1152.98,Enterprise,2026-08-07T17:32:07Z,2026-09-26T17:30:00Z
SO-202608-00224,CDC-00000224,1,2026-08-07T18:23:13Z,QC,DEV,CAD,1385.04,Enterprise,2026-08-07T18:30:02Z,2026-09-26T17:30:00Z
SO-202608-00225,CDC-00000225,1,2026-08-07T18:56:35Z,ON,ACC,CAD,102.13,Enterprise,2026-08-07T19:05:44Z,2026-09-26T17:30:00Z
SO-202608-00226,CDC-00000226,1,2026-08-07T19:19:00Z,BC,ACC,CAD,96.23,SMB,2026-08-07T19:23:37Z,2026-09-26T17:30:00Z
SO-202608-00227,CDC-00000227,1,2026-08-07T19:39:14Z,QC,DEV,CAD,767.58,Enterprise,2026-08-07T19:44:13Z,2026-09-26T17:30:00Z
SO-202608-00228,CDC-00000228,1,2026-08-07T21:11:43Z,ON,DEV,CAD,1647.42,Enterprise,2026-08-07T21:17:12Z,2026-09-26T17:30:00Z
SO-202608-00229,CDC-00000229,1,2026-08-07T21:15:40Z,ON,DEV,CAD,829.33,Enterprise,2026-08-07T21:20:21Z,2026-09-26T17:30:00Z
SO-202608-00230,CDC-00000230,1,2026-08-07T23:02:23Z,ON,DEV,CAD,1802.24,SMB,2026-08-07T23:04:17Z,2026-09-26T17:30:00Z
SO-202608-00231,CDC-00000231,1,2026-08-07T23:50:44Z,ON,DEV,USD,1025.25,SMB,2026-08-07T23:55:14Z,2026-09-26T17:30:00Z
SO-202608-00232,CDC-00000232,1,2026-08-08T00:00:07Z,ON,DEV,CAD,481.8,Enterprise,2026-08-08T00:03:27Z,2026-09-26T17:30:00Z
SO-202608-00233,CDC-00000233,1,2026-08-08T00:01:06Z,AB,DEV,CAD,2210.54,Consumer,2026-08-08T00:04:45Z,2026-09-26T17:30:00Z
SO-202608-00234,CDC-00000234,1,2026-08-08T01:52:53Z,BC,DEV,CAD,1740.21,SMB,2026-08-08T02:00:03Z,2026-09-26T17:30:00Z
SO-202608-00235,CDC-00000235,1,2026-08-08T02:41:13Z,QC,ACC,CAD,27.26,Consumer,2026-08-08T02:50:36Z,2026-09-26T17:30:00Z
SO-202608-00236,CDC-00000236,1,2026-08-08T03:41:34Z,AB,DEV,CAD,2244.42,Consumer,2026-08-08T03:43:20Z,2026-09-26T17:30:00Z
SO-202608-00237,CDC-00000237,1,2026-08-08T03:51:37Z,AB,DEV,CAD,682.74,Enterprise,2026-08-08T04:00:01Z,2026-09-26T17:30:00Z
SO-202608-00238,CDC-00000238,1,2026-08-08T04:00:23Z,AB,SVC,CAD,928.43,SMB,2026-08-08T04:09:40Z,2026-09-26T17:30:00Z
SO-202608-00239,CDC-00000239,1,2026-08-08T04:32:17Z,BC,ACC,CAD,120.77,Consumer,2026-08-08T04:40:05Z,2026-09-26T17:30:00Z
SO-202608-00240,CDC-00000240,1,2026-08-08T05:35:41Z,BC,ACC,CAD,55.49,Consumer,2026-08-08T05:42:22Z,2026-09-26T17:30:00Z
SO-202608-00241,CDC-00000241,1,2026-08-08T05:55:28Z,ON,SVC,USD,1305.75,SMB,2026-08-08T06:04:20Z,2026-09-26T17:30:00Z
SO-202608-00242,CDC-00000242,1,2026-08-08T06:55:33Z,QC,SVC,CAD,492.23,Enterprise,2026-08-08T07:01:16Z,2026-09-26T17:30:00Z
SO-202608-00243,CDC-00000243,1,2026-08-08T06:56:57Z,ON,ACC,CAD,139,SMB,2026-08-08T06:57:04Z,2026-09-26T17:30:00Z
SO-202608-00244,CDC-00000244,1,2026-08-08T07:11:32Z,AB,ACC,CAD,164.68,Enterprise,2026-08-08T07:15:51Z,2026-09-26T17:30:00Z
SO-202608-00245,CDC-00000245,1,2026-08-08T07:53:38Z,BC,DEV,CAD,1780.81,Consumer,2026-08-08T08:03:34Z,2026-09-26T17:30:00Z
SO-202608-00246,CDC-00000246,1,2026-08-08T08:23:57Z,BC,DEV,CAD,744.05,SMB,2026-08-08T08:28:12Z,2026-09-26T17:30:00Z
SO-202608-00247,CDC-00000247,1,2026-08-08T08:55:55Z,AB,ACC,CAD,128.7,Consumer,2026-08-08T09:05:38Z,2026-09-26T17:30:00Z
SO-202608-00248,CDC-00000248,1,2026-08-08T09:25:03Z,ON,ACC,CAD,74,Enterprise,2026-08-08T09:31:41Z,2026-09-26T17:30:00Z
SO-202608-00249,CDC-00000249,1,2026-08-08T09:33:22Z,BC,SVC,CAD,951.08,Enterprise,2026-08-08T09:38:57Z,2026-09-26T17:30:00Z
SO-202608-00250,CDC-00000250,1,2026-08-08T10:18:20Z,ON,DEV,USD,1345.92,Enterprise,2026-08-08T10:25:12Z,2026-09-26T17:30:00Z
SO-202608-00251,CDC-00000251,1,2026-08-08T12:44:10Z,AB,SVC,CAD,982.87,Consumer,2026-08-08T12:44:58Z,2026-09-26T17:30:00Z
SO-202608-00252,CDC-00000252,1,2026-08-08T14:31:44Z,QC,DEV,CAD,915.04,Consumer,2026-08-08T14:34:13Z,2026-09-26T17:30:00Z
SO-202608-00253,CDC-00000253,1,2026-08-08T14:42:34Z,ON,ACC,CAD,87.48,Consumer,2026-08-08T14:48:49Z,2026-09-26T17:30:00Z
SO-202608-00254,CDC-00000254,1,2026-08-08T15:02:46Z,ON,ACC,CAD,102.38,Enterprise,2026-08-08T15:10:51Z,2026-09-26T17:30:00Z
SO-202608-00255,CDC-00000255,1,2026-08-08T15:04:02Z,BC,SVC,CAD,436.19,SMB,2026-08-08T15:04:35Z,2026-09-26T17:30:00Z
SO-202608-00256,CDC-00000256,1,2026-08-08T15:38:01Z,QC,ACC,CAD,97.05,SMB,2026-08-08T15:40:36Z,2026-09-26T17:30:00Z
SO-202608-00257,CDC-00000257,1,2026-08-08T17:56:00Z,QC,DEV,CAD,2036.21,Consumer,2026-08-08T17:57:08Z,2026-09-26T17:30:00Z
SO-202608-00258,CDC-00000258,1,2026-08-08T18:00:56Z,BC,ACC,CAD,189.81,Enterprise,2026-08-08T18:03:15Z,2026-09-26T17:30:00Z
SO-202608-00259,CDC-00000259,1,2026-08-08T18:09:05Z,QC,DEV,CAD,894.89,SMB,2026-08-08T18:13:37Z,2026-09-26T17:30:00Z
SO-202608-00260,CDC-00000260,1,2026-08-08T19:48:44Z,ON,ACC,USD,32.55,SMB,2026-08-08T19:49:11Z,2026-09-26T17:30:00Z
SO-202608-00261,CDC-00000261,1,2026-08-08T22:01:15Z,ON,ACC,CAD,25.77,Enterprise,2026-08-08T22:02:22Z,2026-09-26T17:30:00Z
SO-202608-00262,CDC-00000262,1,2026-08-08T23:38:58Z,ON,DEV,CAD,2143.42,Enterprise,2026-08-08T23:43:21Z,2026-09-26T17:30:00Z
SO-202608-00263,CDC-00000263,1,2026-08-09T01:04:40Z,QC,ACC,USD,155.1,Consumer,2026-08-09T01:12:03Z,2026-09-26T17:30:00Z
SO-202608-00264,CDC-00000264,1,2026-08-09T01:16:44Z,ON,SVC,CAD,388.05,Consumer,2026-08-09T01:18:08Z,2026-09-26T17:30:00Z
SO-202608-00265,CDC-00000265,1,2026-08-09T02:01:19Z,ON,ACC,CAD,217.21,Consumer,2026-08-09T02:01:43Z,2026-09-26T17:30:00Z
SO-202608-00266,CDC-00000266,1,2026-08-09T02:23:47Z,ON,DEV,CAD,1697.15,Enterprise,2026-08-09T02:29:39Z,2026-09-26T17:30:00Z
SO-202608-00267,CDC-00000267,1,2026-08-09T02:34:55Z,BC,DEV,CAD,2366.04,SMB,2026-08-09T02:42:10Z,2026-09-26T17:30:00Z
SO-202608-00268,CDC-00000268,1,2026-08-09T03:51:08Z,QC,DEV,CAD,1208.42,Consumer,2026-08-09T04:00:10Z,2026-09-26T17:30:00Z
SO-202608-00269,CDC-00000269,1,2026-08-09T04:30:57Z,QC,DEV,CAD,431.34,SMB,2026-08-09T04:39:22Z,2026-09-26T17:30:00Z
SO-202608-00270,CDC-00000270,1,2026-08-09T04:40:36Z,QC,SVC,CAD,430.12,SMB,2026-08-09T04:48:24Z,2026-09-26T17:30:00Z
SO-202608-00271,CDC-00000271,1,2026-08-09T04:55:01Z,ON,DEV,CAD,1162.06,SMB,2026-08-09T05:02:52Z,2026-09-26T17:30:00Z
SO-202608-00272,CDC-00000272,1,2026-08-09T05:04:10Z,ON,ACC,CAD,29.33,Enterprise,2026-08-09T05:04:18Z,2026-09-26T17:30:00Z
SO-202608-00273,CDC-00000273,1,2026-08-09T06:00:48Z,ON,DEV,CAD,1980.04,Consumer,2026-08-09T06:00:48Z,2026-09-26T17:30:00Z
SO-202608-00274,CDC-00000274,1,2026-08-09T07:07:02Z,AB,ACC,CAD,115.59,Enterprise,2026-08-09T07:10:06Z,2026-09-26T17:30:00Z
SO-202608-00275,CDC-00000275,1,2026-08-09T07:18:30Z,AB,DEV,CAD,2026.71,Enterprise,2026-08-09T07:20:23Z,2026-09-26T17:30:00Z
SO-202608-00276,CDC-00000276,1,2026-08-09T07:24:20Z,AB,DEV,CAD,2319.55,Enterprise,2026-08-09T07:28:42Z,2026-09-26T17:30:00Z
SO-202608-00277,CDC-00000277,1,2026-08-09T07:57:25Z,QC,ACC,CAD,112.78,Consumer,2026-08-09T07:58:17Z,2026-09-26T17:30:00Z
SO-202608-00278,CDC-00000278,1,2026-08-09T08:19:29Z,ON,DEV,CAD,404.56,Consumer,2026-08-09T08:20:57Z,2026-09-26T17:30:00Z
SO-202608-00279,CDC-00000279,1,2026-08-09T08:19:39Z,BC,DEV,CAD,943.33,SMB,2026-08-09T08:28:00Z,2026-09-26T17:30:00Z
SO-202608-00280,CDC-00000280,1,2026-08-09T08:23:59Z,QC,ACC,CAD,212.97,Consumer,2026-08-09T08:30:31Z,2026-09-26T17:30:00Z
SO-202608-00281,CDC-00000281,1,2026-08-09T08:28:48Z,AB,DEV,USD,739.58,Enterprise,2026-08-09T08:30:21Z,2026-09-26T17:30:00Z
SO-202608-00282,CDC-00000282,1,2026-08-09T08:39:22Z,ON,SVC,CAD,1229.94,Enterprise,2026-08-09T08:48:44Z,2026-09-26T17:30:00Z
SO-202608-00283,CDC-00000283,1,2026-08-09T08:39:35Z,AB,ACC,CAD,209.12,Enterprise,2026-08-09T08:39:40Z,2026-09-26T17:30:00Z
SO-202608-00284,CDC-00000284,1,2026-08-09T08:51:54Z,BC,ACC,CAD,183.78,Enterprise,2026-08-09T08:58:59Z,2026-09-26T17:30:00Z
SO-202608-00285,CDC-00000285,1,2026-08-09T09:19:39Z,QC,SVC,CAD,1302.02,Enterprise,2026-08-09T09:27:20Z,2026-09-26T17:30:00Z
SO-202608-00286,CDC-00000286,1,2026-08-09T10:14:30Z,QC,DEV,CAD,2004.57,Enterprise,2026-08-09T10:20:19Z,2026-09-26T17:30:00Z
SO-202608-00287,CDC-00000287,1,2026-08-09T11:44:53Z,ON,ACC,CAD,60.18,Enterprise,2026-08-09T11:47:26Z,2026-09-26T17:30:00Z
SO-202608-00288,CDC-00000288,1,2026-08-09T13:02:27Z,AB,DEV,CAD,2223.42,Consumer,2026-08-09T13:09:40Z,2026-09-26T17:30:00Z
SO-202608-00289,CDC-00000289,1,2026-08-09T13:24:23Z,ON,ACC,CAD,95.46,Enterprise,2026-08-09T13:27:38Z,2026-09-26T17:30:00Z
SO-202608-00290,CDC-00000290,1,2026-08-09T13:35:03Z,AB,DEV,USD,1977.91,SMB,2026-08-09T13:37:24Z,2026-09-26T17:30:00Z
SO-202608-00291,CDC-00000291,1,2026-08-09T13:45:30Z,BC,DEV,CAD,530.53,Enterprise,2026-08-09T13:51:44Z,2026-09-26T17:30:00Z
SO-202608-00292,CDC-00000292,1,2026-08-09T14:07:07Z,BC,DEV,CAD,452.28,Consumer,2026-08-09T14:16:04Z,2026-09-26T17:30:00Z
SO-202608-00293,CDC-00000293,1,2026-08-09T14:20:42Z,QC,DEV,CAD,806.75,Enterprise,2026-08-09T14:21:45Z,2026-09-26T17:30:00Z
SO-202608-00294,CDC-00000294,1,2026-08-09T15:13:26Z,QC,ACC,CAD,169.09,Enterprise,2026-08-09T15:21:33Z,2026-09-26T17:30:00Z
SO-202608-00295,CDC-00000295,1,2026-08-09T15:38:06Z,QC,DEV,CAD,1099.37,Enterprise,2026-08-09T15:43:41Z,2026-09-26T17:30:00Z
SO-202608-00296,CDC-00000296,1,2026-08-09T15:52:41Z,BC,DEV,CAD,1338.85,SMB,2026-08-09T15:58:47Z,2026-09-26T17:30:00Z
SO-202608-00297,CDC-00000297,1,2026-08-09T16:25:39Z,QC,DEV,CAD,622.12,Consumer,2026-08-09T16:28:13Z,2026-09-26T17:30:00Z
SO-202608-00298,CDC-00000298,1,2026-08-09T17:10:00Z,QC,DEV,CAD,1667.06,SMB,2026-08-09T17:17:09Z,2026-09-26T17:30:00Z
SO-202608-00299,CDC-00000299,1,2026-08-09T17:57:48Z,QC,DEV,CAD,2289.35,SMB,2026-08-09T17:59:01Z,2026-09-26T17:30:00Z
SO-202608-00300,CDC-00000300,1,2026-08-09T18:31:22Z,ON,DEV,USD,1959.15,Consumer,2026-08-09T18:32:46Z,2026-09-26T17:30:00Z
SO-202608-00301,CDC-00000301,1,2026-08-09T18:47:48Z,AB,ACC,CAD,153.92,SMB,2026-08-09T18:52:16Z,2026-09-26T17:30:00Z
SO-202608-00302,CDC-00000302,1,2026-08-09T20:52:08Z,ON,DEV,USD,2037.3,Enterprise,2026-08-09T20:58:16Z,2026-09-26T17:30:00Z
SO-202608-00303,CDC-00000303,1,2026-08-09T21:30:40Z,ON,SVC,CAD,950.39,Enterprise,2026-08-09T21:40:10Z,2026-09-26T17:30:00Z
SO-202608-00304,CDC-00000304,1,2026-08-09T21:54:48Z,ON,DEV,USD,2106.49,Enterprise,2026-08-09T22:04:34Z,2026-09-26T17:30:00Z
SO-202608-00305,CDC-00000305,1,2026-08-09T22:04:00Z,ON,SVC,CAD,579.95,SMB,2026-08-09T22:09:44Z,2026-09-26T17:30:00Z
SO-202608-00306,CDC-00000306,1,2026-08-10T00:44:58Z,BC,ACC,CAD,185.35,Enterprise,2026-08-10T00:46:35Z,2026-09-26T17:30:00Z
SO-202608-00307,CDC-00000307,1,2026-08-10T00:59:23Z,ON,ACC,CAD,57.52,Consumer,2026-08-10T01:04:29Z,2026-09-26T17:30:00Z
SO-202608-00308,CDC-00000308,1,2026-08-10T01:35:47Z,ON,DEV,CAD,1549.34,Enterprise,2026-08-10T01:41:36Z,2026-09-26T17:30:00Z
SO-202608-00309,CDC-00000309,1,2026-08-10T03:52:24Z,ON,ACC,CAD,205.13,SMB,2026-08-10T04:00:45Z,2026-09-26T17:30:00Z
SO-202608-00310,CDC-00000310,1,2026-08-10T04:53:21Z,QC,DEV,CAD,1517.03,Enterprise,2026-08-10T05:01:33Z,2026-09-26T17:30:00Z
SO-202608-00311,CDC-00000311,1,2026-08-10T04:59:16Z,QC,DEV,CAD,1908.52,SMB,2026-08-10T05:07:51Z,2026-09-26T17:30:00Z
SO-202608-00312,CDC-00000312,1,2026-08-10T05:25:11Z,AB,SVC,CAD,573.23,Consumer,2026-08-10T05:25:35Z,2026-09-26T17:30:00Z
SO-202608-00313,CDC-00000313,1,2026-08-10T05:39:09Z,ON,SVC,CAD,689.84,SMB,2026-08-10T05:43:25Z,2026-09-26T17:30:00Z
SO-202608-00314,CDC-00000314,1,2026-08-10T06:52:46Z,QC,ACC,CAD,162.84,SMB,2026-08-10T06:56:56Z,2026-09-26T17:30:00Z
SO-202608-00315,CDC-00000315,1,2026-08-10T07:15:11Z,ON,SVC,CAD,958.18,Enterprise,2026-08-10T07:22:33Z,2026-09-26T17:30:00Z
SO-202608-00316,CDC-00000316,1,2026-08-10T07:34:06Z,ON,ACC,CAD,206.85,Consumer,2026-08-10T07:39:17Z,2026-09-26T17:30:00Z
SO-202608-00317,CDC-00000317,1,2026-08-10T07:36:55Z,BC,SVC,CAD,887.97,Enterprise,2026-08-10T07:42:33Z,2026-09-26T17:30:00Z
SO-202608-00318,CDC-00000318,1,2026-08-10T07:46:26Z,QC,ACC,CAD,91.51,Enterprise,2026-08-10T07:47:29Z,2026-09-26T17:30:00Z
SO-202608-00319,CDC-00000319,1,2026-08-10T07:48:23Z,QC,SVC,USD,492.4,SMB,2026-08-10T07:51:18Z,2026-09-26T17:30:00Z
SO-202608-00320,CDC-00000320,1,2026-08-10T07:53:42Z,ON,DEV,CAD,379.2,SMB,2026-08-10T08:01:11Z,2026-09-26T17:30:00Z
SO-202608-00321,CDC-00000321,1,2026-08-10T08:03:33Z,BC,DEV,USD,463.09,Enterprise,2026-08-10T08:08:59Z,2026-09-26T17:30:00Z
SO-202608-00322,CDC-00000322,1,2026-08-10T08:10:40Z,AB,ACC,CAD,35.18,Consumer,2026-08-10T08:16:36Z,2026-09-26T17:30:00Z
SO-202608-00323,CDC-00000323,1,2026-08-10T08:40:53Z,BC,ACC,CAD,145.91,SMB,2026-08-10T08:49:34Z,2026-09-26T17:30:00Z
SO-202608-00324,CDC-00000324,1,2026-08-10T09:15:11Z,ON,ACC,CAD,65.87,Enterprise,2026-08-10T09:20:41Z,2026-09-26T17:30:00Z
SO-202608-00325,CDC-00000325,1,2026-08-10T09:19:45Z,BC,DEV,CAD,788.58,SMB,2026-08-10T09:27:40Z,2026-09-26T17:30:00Z
SO-202608-00326,CDC-00000326,1,2026-08-10T10:57:40Z,ON,DEV,CAD,2155.33,Consumer,2026-08-10T10:59:31Z,2026-09-26T17:30:00Z
SO-202608-00327,CDC-00000327,1,2026-08-10T10:59:53Z,QC,ACC,CAD,98.24,SMB,2026-08-10T11:06:14Z,2026-09-26T17:30:00Z
SO-202608-00328,CDC-00000328,1,2026-08-10T11:03:04Z,QC,SVC,CAD,886.11,Consumer,2026-08-10T11:12:29Z,2026-09-26T17:30:00Z
SO-202608-00329,CDC-00000329,1,2026-08-10T11:28:06Z,ON,DEV,CAD,1280.12,Consumer,2026-08-10T11:34:57Z,2026-09-26T17:30:00Z
SO-202608-00330,CDC-00000330,1,2026-08-10T14:05:00Z,QC,ACC,CAD,165.79,SMB,2026-08-10T14:12:26Z,2026-09-26T17:30:00Z
SO-202608-00331,CDC-00000331,1,2026-08-10T15:22:01Z,BC,SVC,CAD,207.53,Consumer,2026-08-10T15:29:36Z,2026-09-26T17:30:00Z
SO-202608-00332,CDC-00000332,1,2026-08-10T16:33:27Z,AB,ACC,USD,106.15,Enterprise,2026-08-10T16:39:46Z,2026-09-26T17:30:00Z
SO-202608-00333,CDC-00000333,1,2026-08-10T16:39:26Z,AB,ACC,CAD,206.24,Consumer,2026-08-10T16:43:54Z,2026-09-26T17:30:00Z
SO-202608-00334,CDC-00000334,1,2026-08-10T17:08:42Z,QC,ACC,CAD,172.44,SMB,2026-08-10T17:09:06Z,2026-09-26T17:30:00Z
SO-202608-00335,CDC-00000335,1,2026-08-10T18:03:05Z,QC,SVC,CAD,775.67,Consumer,2026-08-10T18:08:22Z,2026-09-26T17:30:00Z
SO-202608-00336,CDC-00000336,1,2026-08-10T18:05:39Z,QC,ACC,CAD,203.91,SMB,2026-08-10T18:07:52Z,2026-09-26T17:30:00Z
SO-202608-00337,CDC-00000337,1,2026-08-10T19:26:12Z,ON,SVC,USD,1118.16,SMB,2026-08-10T19:29:51Z,2026-09-26T17:30:00Z
SO-202608-00338,CDC-00000338,1,2026-08-10T19:37:07Z,BC,ACC,CAD,200.07,Enterprise,2026-08-10T19:46:26Z,2026-09-26T17:30:00Z
SO-202608-00339,CDC-00000339,1,2026-08-10T19:47:02Z,ON,DEV,CAD,2220.36,Enterprise,2026-08-10T19:51:26Z,2026-09-26T17:30:00Z
SO-202608-00340,CDC-00000340,1,2026-08-10T19:47:52Z,BC,SVC,CAD,1217.12,Consumer,2026-08-10T19:52:24Z,2026-09-26T17:30:00Z
SO-202608-00341,CDC-00000341,1,2026-08-10T21:01:40Z,QC,ACC,CAD,101.32,Enterprise,2026-08-10T21:02:54Z,2026-09-26T17:30:00Z
SO-202608-00342,CDC-00000342,1,2026-08-10T21:26:54Z,AB,ACC,CAD,210.95,SMB,2026-08-10T21:31:43Z,2026-09-26T17:30:00Z
SO-202608-00343,CDC-00000343,1,2026-08-10T21:55:08Z,BC,SVC,CAD,1185.64,Enterprise,2026-08-10T21:56:41Z,2026-09-26T17:30:00Z
SO-202608-00344,CDC-00000344,1,2026-08-11T00:53:54Z,ON,DEV,CAD,2186.63,SMB,2026-08-11T00:58:45Z,2026-09-26T17:30:00Z
SO-202608-00345,CDC-00000345,1,2026-08-11T01:17:06Z,BC,ACC,CAD,35.14,SMB,2026-08-11T01:25:25Z,2026-09-26T17:30:00Z
SO-202608-00346,CDC-00000346,1,2026-08-11T01:33:14Z,QC,DEV,CAD,1965.31,Enterprise,2026-08-11T01:38:53Z,2026-09-26T17:30:00Z
SO-202608-00347,CDC-00000347,1,2026-08-11T04:20:41Z,AB,DEV,CAD,2339.95,SMB,2026-08-11T04:24:39Z,2026-09-26T17:30:00Z
SO-202608-00348,CDC-00000348,1,2026-08-11T04:39:42Z,ON,SVC,CAD,681.17,Enterprise,2026-08-11T04:43:02Z,2026-09-26T17:30:00Z
SO-202608-00349,CDC-00000349,1,2026-08-11T05:36:13Z,BC,DEV,CAD,535.72,SMB,2026-08-11T05:40:41Z,2026-09-26T17:30:00Z
SO-202608-00350,CDC-00000350,1,2026-08-11T06:33:58Z,BC,ACC,CAD,34.44,Enterprise,2026-08-11T06:36:50Z,2026-09-26T17:30:00Z
SO-202608-00351,CDC-00000351,1,2026-08-11T06:53:02Z,QC,SVC,CAD,500.53,Enterprise,2026-08-11T06:58:02Z,2026-09-26T17:30:00Z
SO-202608-00352,CDC-00000352,1,2026-08-11T07:17:19Z,QC,SVC,CAD,854.58,SMB,2026-08-11T07:26:50Z,2026-09-26T17:30:00Z
SO-202608-00353,CDC-00000353,1,2026-08-11T07:39:14Z,BC,SVC,CAD,699.52,SMB,2026-08-11T07:49:02Z,2026-09-26T17:30:00Z
SO-202608-00354,CDC-00000354,1,2026-08-11T08:24:05Z,QC,DEV,CAD,1845.12,SMB,2026-08-11T08:28:56Z,2026-09-26T17:30:00Z
SO-202608-00355,CDC-00000355,1,2026-08-11T08:26:27Z,QC,ACC,CAD,35.14,Consumer,2026-08-11T08:35:49Z,2026-09-26T17:30:00Z
SO-202608-00356,CDC-00000356,1,2026-08-11T08:32:02Z,QC,SVC,CAD,731.69,Enterprise,2026-08-11T08:41:02Z,2026-09-26T17:30:00Z
SO-202608-00357,CDC-00000357,1,2026-08-11T09:26:54Z,AB,ACC,CAD,110.61,SMB,2026-08-11T09:36:23Z,2026-09-26T17:30:00Z
SO-202608-00358,CDC-00000358,1,2026-08-11T09:48:45Z,AB,ACC,CAD,122.68,SMB,2026-08-11T09:52:46Z,2026-09-26T17:30:00Z
SO-202608-00359,CDC-00000359,1,2026-08-11T09:56:52Z,QC,ACC,CAD,206.54,Enterprise,2026-08-11T10:05:38Z,2026-09-26T17:30:00Z
SO-202608-00360,CDC-00000360,1,2026-08-11T10:25:26Z,ON,DEV,USD,462.57,SMB,2026-08-11T10:26:04Z,2026-09-26T17:30:00Z
SO-202608-00361,CDC-00000361,1,2026-08-11T11:02:49Z,BC,DEV,USD,1400.1,Consumer,2026-08-11T11:06:52Z,2026-09-26T17:30:00Z
SO-202608-00362,CDC-00000362,1,2026-08-11T11:12:12Z,AB,DEV,CAD,1345.87,SMB,2026-08-11T11:21:52Z,2026-09-26T17:30:00Z
SO-202608-00363,CDC-00000363,1,2026-08-11T11:23:59Z,AB,SVC,CAD,1325.88,Consumer,2026-08-11T11:31:52Z,2026-09-26T17:30:00Z
SO-202608-00364,CDC-00000364,1,2026-08-11T12:50:07Z,BC,DEV,CAD,747.67,SMB,2026-08-11T12:55:26Z,2026-09-26T17:30:00Z
SO-202608-00365,CDC-00000365,1,2026-08-11T14:43:49Z,QC,SVC,CAD,1350.45,SMB,2026-08-11T14:48:05Z,2026-09-26T17:30:00Z
SO-202608-00366,CDC-00000366,1,2026-08-11T15:06:00Z,AB,DEV,CAD,839.4,Enterprise,2026-08-11T15:08:07Z,2026-09-26T17:30:00Z
SO-202608-00367,CDC-00000367,1,2026-08-11T15:28:44Z,ON,ACC,CAD,104.37,Enterprise,2026-08-11T15:36:53Z,2026-09-26T17:30:00Z
SO-202608-00368,CDC-00000368,1,2026-08-11T16:00:26Z,QC,DEV,CAD,1415.79,Consumer,2026-08-11T16:06:35Z,2026-09-26T17:30:00Z
SO-202608-00369,CDC-00000369,1,2026-08-11T16:51:22Z,AB,SVC,CAD,646.09,Enterprise,2026-08-11T17:00:05Z,2026-09-26T17:30:00Z
SO-202608-00370,CDC-00000370,1,2026-08-11T16:58:17Z,QC,SVC,CAD,565.12,Consumer,2026-08-11T16:59:29Z,2026-09-26T17:30:00Z
SO-202608-00371,CDC-00000371,1,2026-08-11T17:06:38Z,BC,ACC,USD,54.64,Consumer,2026-08-11T17:08:11Z,2026-09-26T17:30:00Z
SO-202608-00372,CDC-00000372,1,2026-08-11T17:07:29Z,BC,DEV,USD,2378.75,Enterprise,2026-08-11T17:07:36Z,2026-09-26T17:30:00Z
SO-202608-00373,CDC-00000373,1,2026-08-11T17:42:24Z,BC,DEV,CAD,1178.27,Consumer,2026-08-11T17:44:25Z,2026-09-26T17:30:00Z
SO-202608-00374,CDC-00000374,1,2026-08-11T18:04:58Z,ON,DEV,CAD,921.88,Enterprise,2026-08-11T18:13:48Z,2026-09-26T17:30:00Z
SO-202608-00375,CDC-00000375,1,2026-08-11T18:52:18Z,ON,DEV,CAD,1224.81,SMB,2026-08-11T19:00:13Z,2026-09-26T17:30:00Z
SO-202608-00376,CDC-00000376,1,2026-08-11T19:29:07Z,AB,ACC,CAD,32.67,Enterprise,2026-08-11T19:34:54Z,2026-09-26T17:30:00Z
SO-202608-00377,CDC-00000377,1,2026-08-11T19:43:03Z,ON,SVC,CAD,617.52,SMB,2026-08-11T19:53:03Z,2026-09-26T17:30:00Z
SO-202608-00378,CDC-00000378,1,2026-08-11T19:56:26Z,QC,SVC,CAD,563.45,Enterprise,2026-08-11T20:01:06Z,2026-09-26T17:30:00Z
SO-202608-00379,CDC-00000379,1,2026-08-11T19:57:53Z,BC,ACC,USD,138.81,Enterprise,2026-08-11T20:03:32Z,2026-09-26T17:30:00Z
SO-202608-00380,CDC-00000380,1,2026-08-11T20:18:38Z,ON,ACC,USD,161.35,Consumer,2026-08-11T20:24:10Z,2026-09-26T17:30:00Z
SO-202608-00381,CDC-00000381,1,2026-08-11T20:29:31Z,BC,DEV,CAD,1762.27,SMB,2026-08-11T20:39:06Z,2026-09-26T17:30:00Z
SO-202608-00382,CDC-00000382,1,2026-08-11T20:46:16Z,ON,ACC,CAD,127.45,SMB,2026-08-11T20:55:20Z,2026-09-26T17:30:00Z
SO-202608-00383,CDC-00000383,1,2026-08-11T20:51:22Z,ON,DEV,CAD,1631.29,Enterprise,2026-08-11T20:53:23Z,2026-09-26T17:30:00Z
SO-202608-00384,CDC-00000384,1,2026-08-11T23:38:43Z,ON,DEV,CAD,1117.89,Enterprise,2026-08-11T23:46:44Z,2026-09-26T17:30:00Z
SO-202608-00385,CDC-00000385,1,2026-08-11T23:40:56Z,QC,DEV,CAD,736.18,SMB,2026-08-11T23:44:07Z,2026-09-26T17:30:00Z
SO-202608-00386,CDC-00000386,1,2026-08-11T23:47:50Z,ON,ACC,CAD,53.24,Enterprise,2026-08-11T23:48:37Z,2026-09-26T17:30:00Z
SO-202608-00387,CDC-00000387,1,2026-08-12T00:43:37Z,QC,DEV,CAD,442.95,Enterprise,2026-08-12T00:45:13Z,2026-09-26T17:30:00Z
SO-202608-00388,CDC-00000388,1,2026-08-12T02:44:12Z,ON,ACC,CAD,153.65,SMB,2026-08-12T02:53:57Z,2026-09-26T17:30:00Z
SO-202608-00389,CDC-00000389,1,2026-08-12T03:50:42Z,QC,DEV,CAD,1743.78,SMB,2026-08-12T04:00:12Z,2026-09-26T17:30:00Z
SO-202608-00390,CDC-00000390,1,2026-08-12T04:18:23Z,QC,ACC,CAD,139.98,SMB,2026-08-12T04:27:53Z,2026-09-26T17:30:00Z
SO-202608-00391,CDC-00000391,1,2026-08-12T05:24:25Z,BC,DEV,CAD,1616.28,Enterprise,2026-08-12T05:29:42Z,2026-09-26T17:30:00Z
SO-202608-00392,CDC-00000392,1,2026-08-12T05:46:38Z,ON,DEV,CAD,1661.78,Consumer,2026-08-12T05:52:53Z,2026-09-26T17:30:00Z
SO-202608-00393,CDC-00000393,1,2026-08-12T07:28:19Z,ON,DEV,CAD,1283.37,SMB,2026-08-12T07:28:34Z,2026-09-26T17:30:00Z
SO-202608-00394,CDC-00000394,1,2026-08-12T07:29:27Z,BC,SVC,CAD,1138.97,SMB,2026-08-12T07:30:03Z,2026-09-26T17:30:00Z
SO-202608-00395,CDC-00000395,1,2026-08-12T07:50:46Z,BC,DEV,CAD,2057.17,Consumer,2026-08-12T07:58:11Z,2026-09-26T17:30:00Z
SO-202608-00396,CDC-00000396,1,2026-08-12T08:13:27Z,BC,ACC,CAD,190.09,SMB,2026-08-12T08:18:35Z,2026-09-26T17:30:00Z
SO-202608-00397,CDC-00000397,1,2026-08-12T09:00:00Z,ON,ACC,CAD,0.00,Internal Test,2026-08-12T09:00:00Z,2026-09-26T17:30:00Z
SO-202608-00398,CDC-00000398,1,2026-08-12T09:48:30Z,ON,ACC,CAD,144.87,Consumer,2026-08-12T09:52:52Z,2026-09-26T17:30:00Z
SO-202608-00399,CDC-00000399,1,2026-08-12T11:50:54Z,ON,DEV,CAD,1257.88,Enterprise,2026-08-12T11:52:29Z,2026-09-26T17:30:00Z
SO-202608-00400,CDC-00000400,1,2026-08-12T11:54:20Z,AB,DEV,CAD,1277.13,SMB,2026-08-12T11:54:44Z,2026-09-26T17:30:00Z
SO-202608-00401,CDC-00000401,1,2026-08-12T12:12:48Z,ON,DEV,CAD,1954.62,Consumer,2026-08-12T12:21:27Z,2026-09-26T17:30:00Z
SO-202608-00402,CDC-00000402,1,2026-08-12T13:40:04Z,AB,DEV,CAD,1908.41,Enterprise,2026-08-12T13:43:51Z,2026-09-26T17:30:00Z
SO-202608-00403,CDC-00000403,1,2026-08-12T13:45:40Z,BC,DEV,CAD,1077.87,SMB,2026-08-12T13:48:40Z,2026-09-26T17:30:00Z
SO-202608-00404,CDC-00000404,1,2026-08-12T13:56:17Z,QC,DEV,CAD,873.4,SMB,2026-08-12T13:59:09Z,2026-09-26T17:30:00Z
SO-202608-00405,CDC-00000405,1,2026-08-12T14:12:47Z,ON,DEV,CAD,1459.93,SMB,2026-08-12T14:22:12Z,2026-09-26T17:30:00Z
SO-202608-00406,CDC-00000406,1,2026-08-12T15:22:00Z,ON,SVC,USD,696.78,Enterprise,2026-08-12T15:31:47Z,2026-09-26T17:30:00Z
SO-202608-00407,CDC-00000407,1,2026-08-12T16:13:23Z,QC,SVC,USD,474.12,SMB,2026-08-12T16:14:54Z,2026-09-26T17:30:00Z
SO-202608-00408,CDC-00000408,1,2026-08-12T16:17:25Z,ON,DEV,CAD,2306.01,Consumer,2026-08-12T16:17:56Z,2026-09-26T17:30:00Z
SO-202608-00409,CDC-00000409,1,2026-08-12T16:56:07Z,QC,SVC,CAD,1332.61,Enterprise,2026-08-12T16:58:41Z,2026-09-26T17:30:00Z
SO-202608-00410,CDC-00000410,1,2026-08-12T17:00:26Z,AB,ACC,CAD,98.49,Enterprise,2026-08-12T17:09:41Z,2026-09-26T17:30:00Z
SO-202608-00411,CDC-00000411,1,2026-08-12T17:01:36Z,ON,ACC,CAD,128.49,Enterprise,2026-08-12T17:10:16Z,2026-09-26T17:30:00Z
SO-202608-00412,CDC-00000412,1,2026-08-12T17:21:31Z,ON,ACC,USD,171.68,Consumer,2026-08-12T17:24:09Z,2026-09-26T17:30:00Z
SO-202608-00413,CDC-00000413,1,2026-08-12T17:28:00Z,QC,ACC,CAD,180.63,SMB,2026-08-12T17:31:29Z,2026-09-26T17:30:00Z
SO-202608-00414,CDC-00000414,1,2026-08-12T17:47:02Z,BC,ACC,CAD,77.76,Enterprise,2026-08-12T17:53:13Z,2026-09-26T17:30:00Z
SO-202608-00415,CDC-00000415,1,2026-08-12T17:53:17Z,QC,DEV,CAD,835.88,Consumer,2026-08-12T17:57:40Z,2026-09-26T17:30:00Z
SO-202608-00416,CDC-00000416,1,2026-08-12T18:33:04Z,ON,DEV,CAD,1342.95,Consumer,2026-08-12T18:35:18Z,2026-09-26T17:30:00Z
SO-202608-00417,CDC-00000417,1,2026-08-12T18:41:55Z,BC,DEV,CAD,473.7,Consumer,2026-08-12T18:44:03Z,2026-09-26T17:30:00Z
SO-202608-00418,CDC-00000418,1,2026-08-12T19:04:20Z,ON,ACC,CAD,35.42,Enterprise,2026-08-12T19:11:07Z,2026-09-26T17:30:00Z
SO-202608-00419,CDC-00000419,1,2026-08-12T19:15:23Z,ON,ACC,CAD,54.45,Enterprise,2026-08-12T19:19:08Z,2026-09-26T17:30:00Z
SO-202608-00420,CDC-00000420,1,2026-08-12T19:51:49Z,QC,DEV,CAD,998.88,Enterprise,2026-08-12T19:54:58Z,2026-09-26T17:30:00Z
SO-202608-00421,CDC-00000421,1,2026-08-12T19:59:40Z,ON,ACC,CAD,154.07,SMB,2026-08-12T20:03:57Z,2026-09-26T17:30:00Z
SO-202608-00422,CDC-00000422,1,2026-08-12T20:07:32Z,AB,DEV,CAD,2134.84,Enterprise,2026-08-12T20:14:41Z,2026-09-26T17:30:00Z
SO-202608-00423,CDC-00000423,1,2026-08-12T20:26:52Z,BC,DEV,CAD,771.66,SMB,2026-08-12T20:33:44Z,2026-09-26T17:30:00Z
SO-202608-00424,CDC-00000424,1,2026-08-12T20:40:30Z,QC,DEV,CAD,1934.07,Enterprise,2026-08-12T20:42:48Z,2026-09-26T17:30:00Z
SO-202608-00425,CDC-00000425,1,2026-08-12T21:50:46Z,BC,DEV,CAD,722.53,Consumer,2026-08-12T21:56:30Z,2026-09-26T17:30:00Z
SO-202608-00426,CDC-00000426,1,2026-08-12T22:53:15Z,ON,ACC,CAD,197.6,Enterprise,2026-08-12T23:01:29Z,2026-09-26T17:30:00Z
SO-202608-00427,CDC-00000427,1,2026-08-13T01:43:52Z,ON,SVC,CAD,448.65,SMB,2026-08-13T01:44:52Z,2026-09-26T17:30:00Z
SO-202608-00428,CDC-00000428,1,2026-08-13T01:53:34Z,QC,ACC,CAD,66.62,Consumer,2026-08-13T01:58:11Z,2026-09-26T17:30:00Z
SO-202608-00429,CDC-00000429,1,2026-08-13T02:36:07Z,AB,DEV,USD,1422.02,Consumer,2026-08-13T02:38:20Z,2026-09-26T17:30:00Z
SO-202608-00430,CDC-00000430,1,2026-08-13T04:50:28Z,AB,SVC,CAD,854.97,SMB,2026-08-13T04:52:13Z,2026-09-26T17:30:00Z
SO-202608-00431,CDC-00000431,1,2026-08-13T05:44:12Z,AB,DEV,CAD,2031.73,Consumer,2026-08-13T05:49:00Z,2026-09-26T17:30:00Z
SO-202608-00432,CDC-00000432,1,2026-08-13T06:20:13Z,ON,SVC,CAD,929.17,SMB,2026-08-13T06:24:05Z,2026-09-26T17:30:00Z
SO-202608-00433,CDC-00000433,1,2026-08-13T06:32:33Z,QC,SVC,CAD,1113.74,Enterprise,2026-08-13T06:34:07Z,2026-09-26T17:30:00Z
SO-202608-00434,CDC-00000434,1,2026-08-13T07:00:13Z,BC,DEV,CAD,2136.09,SMB,2026-08-13T07:09:28Z,2026-09-26T17:30:00Z
SO-202608-00435,CDC-00000435,1,2026-08-13T07:23:45Z,AB,ACC,CAD,181.63,Consumer,2026-08-13T07:33:42Z,2026-09-26T17:30:00Z
SO-202608-00436,CDC-00000436,1,2026-08-13T07:26:20Z,AB,SVC,CAD,205.38,Consumer,2026-08-13T07:36:03Z,2026-09-26T17:30:00Z
SO-202608-00437,CDC-00000437,1,2026-08-13T08:02:41Z,AB,ACC,CAD,95.84,Enterprise,2026-08-13T08:03:59Z,2026-09-26T17:30:00Z
SO-202608-00438,CDC-00000438,1,2026-08-13T08:34:47Z,QC,ACC,CAD,83.15,Enterprise,2026-08-13T08:40:43Z,2026-09-26T17:30:00Z
SO-202608-00439,CDC-00000439,1,2026-08-13T09:18:51Z,AB,SVC,CAD,185.54,Enterprise,2026-08-13T09:20:49Z,2026-09-26T17:30:00Z
SO-202608-00440,CDC-00000440,1,2026-08-13T09:28:12Z,BC,SVC,CAD,1234.37,Enterprise,2026-08-13T09:29:24Z,2026-09-26T17:30:00Z
SO-202608-00441,CDC-00000441,1,2026-08-13T09:28:36Z,ON,DEV,CAD,1394.13,SMB,2026-08-13T09:38:15Z,2026-09-26T17:30:00Z
SO-202608-00442,CDC-00000442,1,2026-08-13T10:23:13Z,BC,DEV,CAD,1942.39,SMB,2026-08-13T10:30:15Z,2026-09-26T17:30:00Z
SO-202608-00443,CDC-00000443,1,2026-08-13T10:28:46Z,ON,DEV,CAD,1486.57,SMB,2026-08-13T10:34:30Z,2026-09-26T17:30:00Z
SO-202608-00444,CDC-00000444,1,2026-08-13T11:04:04Z,BC,ACC,CAD,136.68,Enterprise,2026-08-13T11:10:55Z,2026-09-26T17:30:00Z
SO-202608-00445,CDC-00000445,1,2026-08-13T11:31:21Z,ON,SVC,CAD,328.15,Enterprise,2026-08-13T11:40:15Z,2026-09-26T17:30:00Z
SO-202608-00446,CDC-00000446,1,2026-08-13T12:50:13Z,BC,ACC,CAD,168.58,Enterprise,2026-08-13T12:55:31Z,2026-09-26T17:30:00Z
SO-202608-00447,CDC-00000447,1,2026-08-13T13:55:52Z,AB,DEV,CAD,1676.15,Enterprise,2026-08-13T14:01:47Z,2026-09-26T17:30:00Z
SO-202608-00448,CDC-00000448,1,2026-08-13T14:31:05Z,BC,DEV,CAD,1799.59,SMB,2026-08-13T14:38:32Z,2026-09-26T17:30:00Z
SO-202608-00449,CDC-00000449,1,2026-08-13T14:40:31Z,ON,SVC,CAD,909.79,Enterprise,2026-08-13T14:47:41Z,2026-09-26T17:30:00Z
SO-202608-00450,CDC-00000450,1,2026-08-13T14:52:02Z,AB,ACC,CAD,29.67,Enterprise,2026-08-13T14:56:51Z,2026-09-26T17:30:00Z
SO-202608-00451,CDC-00000451,1,2026-08-13T15:06:26Z,AB,DEV,CAD,2389.51,SMB,2026-08-13T15:10:55Z,2026-09-26T17:30:00Z
SO-202608-00452,CDC-00000452,1,2026-08-13T15:17:58Z,QC,ACC,CAD,43.02,Consumer,2026-08-13T15:22:22Z,2026-09-26T17:30:00Z
SO-202608-00453,CDC-00000453,1,2026-08-13T16:41:28Z,QC,SVC,CAD,545.14,Consumer,2026-08-13T16:46:37Z,2026-09-26T17:30:00Z
SO-202608-00454,CDC-00000454,1,2026-08-13T16:57:27Z,BC,SVC,USD,1145.8,Consumer,2026-08-13T17:05:36Z,2026-09-26T17:30:00Z
SO-202608-00455,CDC-00000455,1,2026-08-13T17:01:13Z,ON,DEV,CAD,1364.04,SMB,2026-08-13T17:01:30Z,2026-09-26T17:30:00Z
SO-202608-00456,CDC-00000456,1,2026-08-13T17:20:34Z,BC,SVC,CAD,800.23,Enterprise,2026-08-13T17:22:11Z,2026-09-26T17:30:00Z
SO-202608-00457,CDC-00000457,1,2026-08-13T17:34:53Z,ON,SVC,CAD,675.46,SMB,2026-08-13T17:36:32Z,2026-09-26T17:30:00Z
SO-202608-00458,CDC-00000458,1,2026-08-13T17:38:04Z,ON,ACC,CAD,100.73,Enterprise,2026-08-13T17:38:06Z,2026-09-26T17:30:00Z
SO-202608-00459,CDC-00000459,1,2026-08-13T17:57:45Z,QC,ACC,CAD,99.18,Enterprise,2026-08-13T18:06:10Z,2026-09-26T17:30:00Z
SO-202608-00460,CDC-00000460,1,2026-08-13T18:03:43Z,BC,ACC,CAD,82.56,SMB,2026-08-13T18:06:55Z,2026-09-26T17:30:00Z
SO-202608-00461,CDC-00000461,1,2026-08-13T18:42:51Z,AB,DEV,CAD,1653.92,Consumer,2026-08-13T18:47:33Z,2026-09-26T17:30:00Z
SO-202608-00462,CDC-00000462,1,2026-08-13T18:48:38Z,AB,ACC,CAD,40.21,SMB,2026-08-13T18:56:46Z,2026-09-26T17:30:00Z
SO-202608-00463,CDC-00000463,1,2026-08-13T19:08:38Z,ON,ACC,CAD,65.9,SMB,2026-08-13T19:18:06Z,2026-09-26T17:30:00Z
SO-202608-00464,CDC-00000464,1,2026-08-13T19:18:25Z,AB,ACC,CAD,57.08,SMB,2026-08-13T19:27:02Z,2026-09-26T17:30:00Z
SO-202608-00465,CDC-00000465,1,2026-08-13T20:00:46Z,BC,DEV,CAD,1792.89,SMB,2026-08-13T20:05:09Z,2026-09-26T17:30:00Z
SO-202608-00466,CDC-00000466,1,2026-08-13T20:55:38Z,ON,ACC,CAD,160.13,SMB,2026-08-13T21:03:32Z,2026-09-26T17:30:00Z
SO-202608-00467,CDC-00000467,1,2026-08-13T21:00:22Z,ON,ACC,CAD,157.4,Consumer,2026-08-13T21:04:54Z,2026-09-26T17:30:00Z
SO-202608-00468,CDC-00000468,1,2026-08-13T21:07:41Z,BC,SVC,CAD,647.15,Enterprise,2026-08-13T21:14:25Z,2026-09-26T17:30:00Z
SO-202608-00469,CDC-00000469,1,2026-08-13T22:00:38Z,ON,ACC,CAD,181.88,Consumer,2026-08-13T22:01:22Z,2026-09-26T17:30:00Z
SO-202608-00470,CDC-00000470,1,2026-08-13T22:39:30Z,ON,ACC,CAD,140.81,Enterprise,2026-08-13T22:45:51Z,2026-09-26T17:30:00Z
SO-202608-00471,CDC-00000471,1,2026-08-14T03:35:05Z,QC,SVC,CAD,952.51,Consumer,2026-08-14T03:42:54Z,2026-09-26T17:30:00Z
SO-202608-00472,CDC-00000472,1,2026-08-14T04:05:38Z,QC,ACC,CAD,203.37,SMB,2026-08-14T04:10:34Z,2026-09-26T17:30:00Z
SO-202608-00473,CDC-00000473,1,2026-08-14T04:24:39Z,AB,ACC,CAD,219.74,Consumer,2026-08-14T04:29:32Z,2026-09-26T17:30:00Z
SO-202608-00474,CDC-00000474,1,2026-08-14T04:41:07Z,ON,SVC,CAD,650.67,Consumer,2026-08-14T04:47:43Z,2026-09-26T17:30:00Z
SO-202608-00475,CDC-00000475,1,2026-08-14T05:25:42Z,ON,ACC,CAD,73.47,Consumer,2026-08-14T05:26:52Z,2026-09-26T17:30:00Z
SO-202608-00476,CDC-00000476,1,2026-08-14T05:26:30Z,ON,DEV,CAD,1872.82,Enterprise,2026-08-14T05:33:36Z,2026-09-26T17:30:00Z
SO-202608-00477,CDC-00000477,1,2026-08-14T05:50:45Z,AB,DEV,CAD,2034.85,Consumer,2026-08-14T05:52:35Z,2026-09-26T17:30:00Z
SO-202608-00478,CDC-00000478,1,2026-08-14T06:01:27Z,QC,ACC,CAD,37.44,Enterprise,2026-08-14T06:09:33Z,2026-09-26T17:30:00Z
SO-202608-00479,CDC-00000479,1,2026-08-14T06:06:29Z,ON,DEV,CAD,2139.12,Consumer,2026-08-14T06:09:39Z,2026-09-26T17:30:00Z
SO-202608-00480,CDC-00000480,1,2026-08-14T07:13:46Z,QC,DEV,CAD,2218.74,SMB,2026-08-14T07:18:39Z,2026-09-26T17:30:00Z
SO-202608-00481,CDC-00000481,1,2026-08-14T08:25:09Z,QC,SVC,CAD,381.94,SMB,2026-08-14T08:25:48Z,2026-09-26T17:30:00Z
SO-202608-00482,CDC-00000482,1,2026-08-14T09:31:05Z,BC,DEV,CAD,1111.23,Enterprise,2026-08-14T09:33:45Z,2026-09-26T17:30:00Z
SO-202608-00483,CDC-00000483,1,2026-08-14T09:37:05Z,QC,SVC,CAD,524.13,Enterprise,2026-08-14T09:43:20Z,2026-09-26T17:30:00Z
SO-202608-00484,CDC-00000484,1,2026-08-14T12:44:09Z,BC,ACC,CAD,111.52,Consumer,2026-08-14T12:52:07Z,2026-09-26T17:30:00Z
SO-202608-00485,CDC-00000485,1,2026-08-14T13:16:21Z,ON,DEV,CAD,1314.28,Enterprise,2026-08-14T13:18:14Z,2026-09-26T17:30:00Z
SO-202608-00486,CDC-00000486,1,2026-08-14T14:46:56Z,ON,ACC,CAD,211.72,SMB,2026-08-14T14:50:26Z,2026-09-26T17:30:00Z
SO-202608-00487,CDC-00000487,1,2026-08-14T16:25:41Z,ON,DEV,USD,1590.17,SMB,2026-08-14T16:34:23Z,2026-09-26T17:30:00Z
SO-202608-00488,CDC-00000488,1,2026-08-14T16:36:09Z,BC,SVC,CAD,463.65,Consumer,2026-08-14T16:44:16Z,2026-09-26T17:30:00Z
SO-202608-00489,CDC-00000489,1,2026-08-14T16:40:29Z,BC,ACC,USD,200.87,Enterprise,2026-08-14T16:42:16Z,2026-09-26T17:30:00Z
SO-202608-00490,CDC-00000490,1,2026-08-14T17:04:07Z,ON,DEV,CAD,2398.36,Consumer,2026-08-14T17:04:07Z,2026-09-26T17:30:00Z
SO-202608-00490,CDC-00001122,1,2026-08-14T17:04:07Z,ON,DEV,CAD,2398.36,Consumer,2026-08-14T17:05:37Z,2026-09-26T17:30:00Z
SO-202608-00491,CDC-00000491,1,2026-08-14T17:57:52Z,BC,ACC,CAD,91.03,Consumer,2026-08-14T18:06:55Z,2026-09-26T17:30:00Z
SO-202608-00492,CDC-00000492,1,2026-08-14T18:25:00Z,ON,ACC,CAD,84.06,SMB,2026-08-14T18:25:23Z,2026-09-26T17:30:00Z
SO-202608-00493,CDC-00000493,1,2026-08-14T18:34:54Z,BC,DEV,USD,1952.09,Consumer,2026-08-14T18:42:11Z,2026-09-26T17:30:00Z
SO-202608-00494,CDC-00000494,1,2026-08-14T19:46:56Z,BC,DEV,CAD,2281.04,Enterprise,2026-08-14T19:49:03Z,2026-09-26T17:30:00Z
SO-202608-00495,CDC-00000495,1,2026-08-14T19:52:40Z,ON,SVC,CAD,448.25,Consumer,2026-08-14T20:01:29Z,2026-09-26T17:30:00Z
SO-202608-00496,CDC-00000496,1,2026-08-14T20:06:32Z,ON,SVC,USD,1164.51,Enterprise,2026-08-14T20:07:40Z,2026-09-26T17:30:00Z
SO-202608-00497,CDC-00000497,1,2026-08-14T22:23:23Z,ON,DEV,CAD,1420.63,Consumer,2026-08-14T22:33:14Z,2026-09-26T17:30:00Z
SO-202608-00498,CDC-00000498,1,2026-08-14T22:26:46Z,ON,DEV,USD,740.68,SMB,2026-08-14T22:33:13Z,2026-09-26T17:30:00Z
SO-202608-00499,CDC-00000499,1,2026-08-14T22:47:33Z,BC,DEV,CAD,645.36,Enterprise,2026-08-14T22:51:08Z,2026-09-26T17:30:00Z
SO-202608-00500,CDC-00000500,1,2026-08-15T01:09:50Z,QC,ACC,CAD,180.24,Consumer,2026-08-15T01:16:27Z,2026-09-26T17:30:00Z
SO-202608-00501,CDC-00000501,1,2026-08-15T01:25:09Z,BC,ACC,CAD,55.51,Consumer,2026-08-15T01:35:05Z,2026-09-26T17:30:00Z
SO-202608-00502,CDC-00000502,1,2026-08-15T01:52:03Z,QC,ACC,CAD,118.37,Enterprise,2026-08-15T01:59:49Z,2026-09-26T17:30:00Z
SO-202608-00503,CDC-00000503,1,2026-08-15T02:29:57Z,AB,DEV,CAD,1241.15,Enterprise,2026-08-15T02:38:44Z,2026-09-26T17:30:00Z
SO-202608-00504,CDC-00000504,1,2026-08-15T02:48:12Z,ON,ACC,CAD,169.68,Enterprise,2026-08-15T02:54:56Z,2026-09-26T17:30:00Z
SO-202608-00505,CDC-00000505,1,2026-08-15T03:05:25Z,QC,DEV,CAD,1341.85,Consumer,2026-08-15T03:06:32Z,2026-09-26T17:30:00Z
SO-202608-00506,CDC-00000506,1,2026-08-15T03:07:42Z,ON,DEV,CAD,2098.32,Consumer,2026-08-15T03:09:10Z,2026-09-26T17:30:00Z
SO-202608-00507,CDC-00000507,1,2026-08-15T03:41:54Z,ON,ACC,CAD,193.78,Consumer,2026-08-15T03:44:16Z,2026-09-26T17:30:00Z
SO-202608-00508,CDC-00000508,1,2026-08-15T04:55:14Z,QC,DEV,CAD,1027.87,SMB,2026-08-15T05:02:20Z,2026-09-26T17:30:00Z
SO-202608-00509,CDC-00000509,1,2026-08-15T06:15:20Z,BC,ACC,CAD,193.3,SMB,2026-08-15T06:24:45Z,2026-09-26T17:30:00Z
SO-202608-00510,CDC-00000510,1,2026-08-15T07:23:35Z,QC,DEV,CAD,758.82,SMB,2026-08-15T07:25:37Z,2026-09-26T17:30:00Z
SO-202608-00511,CDC-00000511,1,2026-08-15T11:16:42Z,ON,ACC,CAD,165.01,Consumer,2026-08-15T11:24:17Z,2026-09-26T17:30:00Z
SO-202608-00512,CDC-00000512,1,2026-08-15T12:16:39Z,AB,SVC,CAD,1041.12,Enterprise,2026-08-15T12:23:58Z,2026-09-26T17:30:00Z
SO-202608-00513,CDC-00000513,1,2026-08-15T13:04:21Z,ON,DEV,CAD,452.31,Enterprise,2026-08-15T13:06:12Z,2026-09-26T17:30:00Z
SO-202608-00514,CDC-00000514,1,2026-08-15T13:06:18Z,ON,SVC,CAD,775.05,Consumer,2026-08-15T13:08:16Z,2026-09-26T17:30:00Z
SO-202608-00515,CDC-00000515,1,2026-08-15T13:54:37Z,AB,DEV,CAD,784.27,SMB,2026-08-15T14:00:03Z,2026-09-26T17:30:00Z
SO-202608-00516,CDC-00000516,1,2026-08-15T14:11:06Z,QC,SVC,CAD,1005.27,SMB,2026-08-15T14:15:33Z,2026-09-26T17:30:00Z
SO-202608-00517,CDC-00000517,1,2026-08-15T14:21:36Z,BC,SVC,CAD,1339.17,SMB,2026-08-15T14:30:56Z,2026-09-26T17:30:00Z
SO-202608-00518,CDC-00000518,1,2026-08-15T14:27:57Z,ON,ACC,CAD,32.39,Consumer,2026-08-15T14:35:41Z,2026-09-26T17:30:00Z
SO-202608-00519,CDC-00000519,1,2026-08-15T14:39:52Z,ON,DEV,CAD,1467.28,Consumer,2026-08-15T14:45:37Z,2026-09-26T17:30:00Z
SO-202608-00520,CDC-00000520,1,2026-08-15T15:39:05Z,ON,ACC,CAD,193.52,SMB,2026-08-15T15:47:52Z,2026-09-26T17:30:00Z
SO-202608-00521,CDC-00000521,1,2026-08-15T16:11:40Z,ON,ACC,CAD,40,Enterprise,2026-08-15T16:15:17Z,2026-09-26T17:30:00Z
SO-202608-00522,CDC-00000522,1,2026-08-15T16:34:23Z,QC,DEV,CAD,468.77,Enterprise,2026-08-15T16:42:31Z,2026-09-26T17:30:00Z
SO-202608-00523,CDC-00000523,1,2026-08-15T18:28:06Z,BC,SVC,CAD,1380.18,SMB,2026-08-15T18:31:33Z,2026-09-26T17:30:00Z
SO-202608-00524,CDC-00000524,1,2026-08-15T19:09:44Z,ON,ACC,CAD,59.22,Consumer,2026-08-15T19:16:19Z,2026-09-26T17:30:00Z
SO-202608-00525,CDC-00000525,1,2026-08-15T19:17:27Z,QC,ACC,CAD,153.95,SMB,2026-08-15T19:18:20Z,2026-09-26T17:30:00Z
SO-202608-00526,CDC-00000526,1,2026-08-15T19:56:53Z,ON,ACC,CAD,153.58,Consumer,2026-08-15T19:57:08Z,2026-09-26T17:30:00Z
SO-202608-00527,CDC-00000527,1,2026-08-15T20:11:31Z,QC,SVC,CAD,672.83,SMB,2026-08-15T20:14:52Z,2026-09-26T17:30:00Z
SO-202608-00528,CDC-00000528,1,2026-08-15T20:15:26Z,ON,DEV,CAD,817.83,Consumer,2026-08-15T20:16:58Z,2026-09-26T17:30:00Z
SO-202608-00529,CDC-00000529,1,2026-08-15T20:52:07Z,ON,ACC,CAD,218.77,Enterprise,2026-08-15T20:55:49Z,2026-09-26T17:30:00Z
SO-202608-00530,CDC-00000530,1,2026-08-15T20:57:19Z,QC,SVC,CAD,531.96,Enterprise,2026-08-15T21:03:05Z,2026-09-26T17:30:00Z
SO-202608-00531,CDC-00000531,1,2026-08-15T21:43:14Z,QC,ACC,CAD,128.13,Consumer,2026-08-15T21:44:41Z,2026-09-26T17:30:00Z
SO-202608-00532,CDC-00000532,1,2026-08-16T00:20:02Z,AB,ACC,CAD,113.51,Consumer,2026-08-16T00:24:27Z,2026-09-26T17:30:00Z
SO-202608-00533,CDC-00000533,1,2026-08-16T00:57:36Z,ON,ACC,CAD,90.89,Enterprise,2026-08-16T01:05:17Z,2026-09-26T17:30:00Z
SO-202608-00534,CDC-00000534,1,2026-08-16T02:02:24Z,QC,SVC,CAD,1324.49,SMB,2026-08-16T02:03:17Z,2026-09-26T17:30:00Z
SO-202608-00535,CDC-00000535,1,2026-08-16T04:26:46Z,ON,DEV,USD,2105.22,Enterprise,2026-08-16T04:32:20Z,2026-09-26T17:30:00Z
SO-202608-00536,CDC-00000536,1,2026-08-16T04:48:14Z,BC,ACC,CAD,84.93,SMB,2026-08-16T04:54:08Z,2026-09-26T17:30:00Z
SO-202608-00537,CDC-00000537,1,2026-08-16T05:30:15Z,AB,ACC,CAD,123.4,SMB,2026-08-16T05:31:26Z,2026-09-26T17:30:00Z
SO-202608-00538,CDC-00000538,1,2026-08-16T05:51:21Z,ON,SVC,USD,566.63,Enterprise,2026-08-16T05:54:41Z,2026-09-26T17:30:00Z
SO-202608-00539,CDC-00000539,1,2026-08-16T06:10:21Z,QC,DEV,CAD,450.71,Enterprise,2026-08-16T06:17:05Z,2026-09-26T17:30:00Z
SO-202608-00540,CDC-00000540,1,2026-08-16T06:28:21Z,QC,SVC,CAD,528.85,Enterprise,2026-08-16T06:32:58Z,2026-09-26T17:30:00Z
SO-202608-00541,CDC-00000541,1,2026-08-16T08:07:30Z,ON,SVC,CAD,1382.62,Enterprise,2026-08-16T08:11:55Z,2026-09-26T17:30:00Z
SO-202608-00542,CDC-00000542,1,2026-08-16T08:18:29Z,QC,ACC,CAD,56.08,SMB,2026-08-16T08:20:55Z,2026-09-26T17:30:00Z
SO-202608-00543,CDC-00000543,1,2026-08-16T08:31:39Z,ON,DEV,USD,1557.06,Consumer,2026-08-16T08:33:05Z,2026-09-26T17:30:00Z
SO-202608-00544,CDC-00000544,1,2026-08-16T11:08:58Z,ON,DEV,USD,1762.91,SMB,2026-08-16T11:12:05Z,2026-09-26T17:30:00Z
SO-202608-00545,CDC-00000545,1,2026-08-16T11:09:28Z,BC,ACC,CAD,138.3,Consumer,2026-08-16T11:09:52Z,2026-09-26T17:30:00Z
SO-202608-00546,CDC-00000546,1,2026-08-16T12:10:18Z,BC,DEV,CAD,755.12,Enterprise,2026-08-16T12:19:21Z,2026-09-26T17:30:00Z
SO-202608-00547,CDC-00000547,1,2026-08-16T12:27:14Z,QC,SVC,CAD,1232.86,Consumer,2026-08-16T12:34:57Z,2026-09-26T17:30:00Z
SO-202608-00548,CDC-00000548,1,2026-08-16T12:33:29Z,BC,ACC,CAD,38.4,Enterprise,2026-08-16T12:34:29Z,2026-09-26T17:30:00Z
SO-202608-00549,CDC-00000549,1,2026-08-16T12:53:04Z,BC,DEV,CAD,699.71,Consumer,2026-08-16T12:53:54Z,2026-09-26T17:30:00Z
SO-202608-00550,CDC-00000550,1,2026-08-16T13:10:47Z,QC,ACC,CAD,179.22,Enterprise,2026-08-16T13:11:32Z,2026-09-26T17:30:00Z
SO-202608-00551,CDC-00000551,1,2026-08-16T13:37:20Z,BC,SVC,CAD,726.45,Enterprise,2026-08-16T13:45:19Z,2026-09-26T17:30:00Z
SO-202608-00552,CDC-00000552,1,2026-08-16T14:42:43Z,QC,ACC,CAD,91.21,Enterprise,2026-08-16T14:51:41Z,2026-09-26T17:30:00Z
SO-202608-00553,CDC-00000553,1,2026-08-16T15:37:29Z,ON,ACC,CAD,193.61,SMB,2026-08-16T15:38:18Z,2026-09-26T17:30:00Z
SO-202608-00554,CDC-00000554,1,2026-08-16T16:06:06Z,ON,DEV,CAD,1842.76,Consumer,2026-08-16T16:13:33Z,2026-09-26T17:30:00Z
SO-202608-00555,CDC-00000555,1,2026-08-16T16:26:09Z,ON,ACC,CAD,215.64,Enterprise,2026-08-16T16:26:59Z,2026-09-26T17:30:00Z
SO-202608-00556,CDC-00000556,1,2026-08-16T17:10:13Z,BC,DEV,CAD,913.41,SMB,2026-08-16T17:14:27Z,2026-09-26T17:30:00Z
SO-202608-00557,CDC-00000557,1,2026-08-16T18:11:24Z,ON,SVC,CAD,1122.48,Consumer,2026-08-16T18:18:16Z,2026-09-26T17:30:00Z
SO-202608-00558,CDC-00000558,1,2026-08-16T18:37:34Z,BC,DEV,CAD,722.5,Consumer,2026-08-16T18:40:54Z,2026-09-26T17:30:00Z
SO-202608-00559,CDC-00000559,1,2026-08-16T18:41:12Z,ON,DEV,CAD,617.85,SMB,2026-08-16T18:42:14Z,2026-09-26T17:30:00Z
SO-202608-00560,CDC-00000560,1,2026-08-16T20:15:09Z,AB,ACC,CAD,91.59,Consumer,2026-08-16T20:23:53Z,2026-09-26T17:30:00Z
SO-202608-00561,CDC-00000561,1,2026-08-16T20:41:40Z,QC,DEV,CAD,1437.71,SMB,2026-08-16T20:42:19Z,2026-09-26T17:30:00Z
SO-202608-00562,CDC-00000562,1,2026-08-16T21:23:25Z,ON,ACC,CAD,195.8,Enterprise,2026-08-16T21:30:26Z,2026-09-26T17:30:00Z
SO-202608-00563,CDC-00000563,1,2026-08-16T22:39:28Z,ON,DEV,CAD,1750.54,SMB,2026-08-16T22:40:36Z,2026-09-26T17:30:00Z
SO-202608-00564,CDC-00000564,1,2026-08-16T23:15:41Z,ON,SVC,CAD,1070.07,SMB,2026-08-16T23:16:41Z,2026-09-26T17:30:00Z
SO-202608-00565,CDC-00000565,1,2026-08-16T23:37:06Z,QC,DEV,CAD,1485.81,SMB,2026-08-16T23:44:00Z,2026-09-26T17:30:00Z
SO-202608-00566,CDC-00000566,1,2026-08-17T00:28:13Z,QC,ACC,CAD,136.03,SMB,2026-08-17T00:37:02Z,2026-09-26T17:30:00Z
SO-202608-00567,CDC-00000567,1,2026-08-17T01:35:44Z,ON,DEV,CAD,1533.8,Consumer,2026-08-17T01:41:56Z,2026-09-26T17:30:00Z
SO-202608-00568,CDC-00000568,1,2026-08-17T02:09:30Z,ON,SVC,USD,572.24,Enterprise,2026-08-17T02:17:06Z,2026-09-26T17:30:00Z
SO-202608-00569,CDC-00000569,1,2026-08-17T02:40:44Z,QC,SVC,CAD,436.85,Consumer,2026-08-17T02:46:09Z,2026-09-26T17:30:00Z
SO-202608-00570,CDC-00000570,1,2026-08-17T05:59:30Z,ON,ACC,CAD,64.29,Consumer,2026-08-17T06:04:29Z,2026-09-26T17:30:00Z
SO-202608-00571,CDC-00000571,1,2026-08-17T06:08:40Z,ON,DEV,CAD,624.37,SMB,2026-08-17T06:16:34Z,2026-09-26T17:30:00Z
SO-202608-00572,CDC-00000572,1,2026-08-17T06:33:03Z,AB,SVC,CAD,766.81,Enterprise,2026-08-17T06:33:51Z,2026-09-26T17:30:00Z
SO-202608-00573,CDC-00000573,1,2026-08-17T06:45:00Z,ON,DEV,CAD,1300.22,Consumer,2026-08-17T06:51:47Z,2026-09-26T17:30:00Z
SO-202608-00574,CDC-00000574,1,2026-08-17T07:47:01Z,QC,DEV,CAD,1259.85,Consumer,2026-08-17T07:53:54Z,2026-09-26T17:30:00Z
SO-202608-00575,CDC-00000575,1,2026-08-17T07:59:48Z,BC,SVC,CAD,1385.73,SMB,2026-08-17T08:05:19Z,2026-09-26T17:30:00Z
SO-202608-00576,CDC-00000576,1,2026-08-17T08:28:41Z,QC,DEV,USD,1514.61,SMB,2026-08-17T08:30:10Z,2026-09-26T17:30:00Z
SO-202608-00577,CDC-00000577,1,2026-08-17T11:55:19Z,ON,DEV,CAD,447.19,Consumer,2026-08-17T11:58:23Z,2026-09-26T17:30:00Z
SO-202608-00578,CDC-00000578,1,2026-08-17T12:23:23Z,AB,DEV,CAD,2313.57,Enterprise,2026-08-17T12:30:47Z,2026-09-26T17:30:00Z
SO-202608-00579,CDC-00000579,1,2026-08-17T12:41:32Z,ON,ACC,USD,90.54,Consumer,2026-08-17T12:48:32Z,2026-09-26T17:30:00Z
SO-202608-00580,CDC-00000580,1,2026-08-17T13:11:31Z,ON,ACC,CAD,94.29,Enterprise,2026-08-17T13:18:06Z,2026-09-26T17:30:00Z
SO-202608-00581,CDC-00000581,1,2026-08-17T14:53:19Z,BC,SVC,CAD,713.28,Enterprise,2026-08-17T15:02:48Z,2026-09-26T17:30:00Z
SO-202608-00582,CDC-00000582,1,2026-08-17T16:03:26Z,ON,DEV,CAD,1010.64,SMB,2026-08-17T16:08:12Z,2026-09-26T17:30:00Z
SO-202608-00583,CDC-00000583,1,2026-08-17T17:55:48Z,ON,ACC,CAD,112.18,SMB,2026-08-17T18:04:51Z,2026-09-26T17:30:00Z
SO-202608-00584,CDC-00000584,1,2026-08-17T19:12:05Z,BC,ACC,USD,127.74,Consumer,2026-08-17T19:15:55Z,2026-09-26T17:30:00Z
SO-202608-00585,CDC-00000585,1,2026-08-17T20:20:35Z,AB,DEV,CAD,2004.74,SMB,2026-08-17T20:23:41Z,2026-09-26T17:30:00Z
SO-202608-00586,CDC-00000586,1,2026-08-17T20:29:00Z,BC,ACC,CAD,164.93,Consumer,2026-08-17T20:36:26Z,2026-09-26T17:30:00Z
SO-202608-00587,CDC-00000587,1,2026-08-17T21:20:44Z,ON,ACC,CAD,184.22,SMB,2026-08-17T21:27:28Z,2026-09-26T17:30:00Z
SO-202608-00588,CDC-00000588,1,2026-08-17T22:05:44Z,AB,ACC,CAD,97.05,Enterprise,2026-08-17T22:06:35Z,2026-09-26T17:30:00Z
SO-202608-00589,CDC-00000589,1,2026-08-17T22:45:48Z,QC,SVC,CAD,452.19,SMB,2026-08-17T22:47:07Z,2026-09-26T17:30:00Z
SO-202608-00590,CDC-00000590,1,2026-08-17T22:50:10Z,QC,SVC,CAD,485.16,Consumer,2026-08-17T22:53:03Z,2026-09-26T17:30:00Z
SO-202608-00591,CDC-00000591,1,2026-08-17T22:55:09Z,BC,DEV,CAD,1437.8,Enterprise,2026-08-17T23:01:27Z,2026-09-26T17:30:00Z
SO-202608-00592,CDC-00000592,1,2026-08-17T23:03:31Z,ON,ACC,CAD,198.08,SMB,2026-08-17T23:09:47Z,2026-09-26T17:30:00Z
SO-202608-00593,CDC-00000593,1,2026-08-17T23:28:15Z,ON,DEV,CAD,1408.16,Consumer,2026-08-17T23:33:04Z,2026-09-26T17:30:00Z
SO-202608-00594,CDC-00000594,1,2026-08-17T23:55:52Z,ON,DEV,CAD,658.45,Enterprise,2026-08-18T00:05:44Z,2026-09-26T17:30:00Z
SO-202608-00595,CDC-00000595,1,2026-08-18T00:35:36Z,BC,DEV,CAD,2172.17,Consumer,2026-08-18T00:40:12Z,2026-09-26T17:30:00Z
SO-202608-00596,CDC-00000596,1,2026-08-18T00:51:12Z,ON,DEV,CAD,1746.8,SMB,2026-08-18T00:54:58Z,2026-09-26T17:30:00Z
SO-202608-00597,CDC-00000597,1,2026-08-18T01:45:54Z,ON,SVC,CAD,435.47,SMB,2026-08-18T01:55:14Z,2026-09-26T17:30:00Z
SO-202608-00598,CDC-00000598,1,2026-08-18T02:19:26Z,ON,SVC,CAD,904.06,Enterprise,2026-08-18T02:25:19Z,2026-09-26T17:30:00Z
SO-202608-00599,CDC-00000599,1,2026-08-18T02:39:13Z,ON,ACC,USD,100.87,Enterprise,2026-08-18T02:42:39Z,2026-09-26T17:30:00Z
SO-202608-00600,CDC-00000600,1,2026-08-18T02:43:54Z,QC,DEV,CAD,1574.8,Consumer,2026-08-18T02:45:33Z,2026-09-26T17:30:00Z
SO-202608-00601,CDC-00000601,1,2026-08-18T02:51:18Z,BC,ACC,CAD,53.49,SMB,2026-08-18T02:56:42Z,2026-09-26T17:30:00Z
SO-202608-00602,CDC-00000602,1,2026-08-18T03:20:45Z,QC,SVC,CAD,1196.13,Consumer,2026-08-18T03:22:54Z,2026-09-26T17:30:00Z
SO-202608-00603,CDC-00000603,1,2026-08-18T03:38:21Z,BC,DEV,CAD,358.4,SMB,2026-08-18T03:43:25Z,2026-09-26T17:30:00Z
SO-202608-00604,CDC-00000604,1,2026-08-18T03:44:41Z,BC,ACC,CAD,193.9,SMB,2026-08-18T03:53:54Z,2026-09-26T17:30:00Z
SO-202608-00605,CDC-00000605,1,2026-08-18T06:01:02Z,AB,DEV,CAD,1284.35,Consumer,2026-08-18T06:07:31Z,2026-09-26T17:30:00Z
SO-202608-00606,CDC-00000606,1,2026-08-18T06:29:55Z,BC,ACC,CAD,168.62,SMB,2026-08-18T06:34:57Z,2026-09-26T17:30:00Z
SO-202608-00607,CDC-00000607,1,2026-08-18T07:10:57Z,ON,ACC,CAD,96.71,Enterprise,2026-08-18T07:18:30Z,2026-09-26T17:30:00Z
SO-202608-00608,CDC-00000608,1,2026-08-18T08:10:55Z,AB,ACC,CAD,140.05,Consumer,2026-08-18T08:15:05Z,2026-09-26T17:30:00Z
SO-202608-00609,CDC-00000609,1,2026-08-18T08:12:15Z,QC,DEV,CAD,1441.15,SMB,2026-08-18T08:21:09Z,2026-09-26T17:30:00Z
SO-202608-00610,CDC-00000610,1,2026-08-18T08:39:58Z,QC,DEV,CAD,1245.25,SMB,2026-08-18T08:49:42Z,2026-09-26T17:30:00Z
SO-202608-00611,CDC-00000611,1,2026-08-18T09:13:10Z,AB,DEV,CAD,540.89,SMB,2026-08-18T09:14:11Z,2026-09-26T17:30:00Z
SO-202608-00612,CDC-00000612,1,2026-08-18T11:31:41Z,QC,DEV,CAD,625.01,SMB,2026-08-18T11:32:29Z,2026-09-26T17:30:00Z
SO-202608-00613,CDC-00000613,1,2026-08-18T11:42:55Z,BC,ACC,CAD,95.19,Consumer,2026-08-18T11:43:50Z,2026-09-26T17:30:00Z
SO-202608-00614,CDC-00000614,1,2026-08-18T11:51:00Z,BC,DEV,CAD,2057.41,Enterprise,2026-08-18T11:54:06Z,2026-09-26T17:30:00Z
SO-202608-00615,CDC-00000615,1,2026-08-18T13:44:09Z,ON,SVC,CAD,390.28,Enterprise,2026-08-18T13:45:27Z,2026-09-26T17:30:00Z
SO-202608-00616,CDC-00000616,1,2026-08-18T13:57:12Z,BC,DEV,CAD,657.44,Enterprise,2026-08-18T14:05:42Z,2026-09-26T17:30:00Z
SO-202608-00617,CDC-00000617,1,2026-08-18T14:49:29Z,BC,SVC,CAD,309.74,Consumer,2026-08-18T14:56:58Z,2026-09-26T17:30:00Z
SO-202608-00618,CDC-00000618,1,2026-08-18T15:36:11Z,ON,ACC,USD,112.77,Consumer,2026-08-18T15:41:54Z,2026-09-26T17:30:00Z
SO-202608-00619,CDC-00000619,1,2026-08-18T15:51:42Z,AB,DEV,CAD,2146.16,Consumer,2026-08-18T15:55:05Z,2026-09-26T17:30:00Z
SO-202608-00620,CDC-00000620,1,2026-08-18T16:17:42Z,BC,ACC,CAD,148.47,Consumer,2026-08-18T16:23:25Z,2026-09-26T17:30:00Z
SO-202608-00621,CDC-00000621,1,2026-08-18T16:41:59Z,QC,SVC,CAD,990.96,Consumer,2026-08-18T16:51:29Z,2026-09-26T17:30:00Z
SO-202608-00622,CDC-00000622,1,2026-08-18T18:13:51Z,AB,ACC,CAD,74.92,SMB,2026-08-18T18:21:02Z,2026-09-26T17:30:00Z
SO-202608-00623,CDC-00000623,1,2026-08-18T18:35:35Z,QC,ACC,CAD,186.2,Enterprise,2026-08-18T18:43:23Z,2026-09-26T17:30:00Z
SO-202608-00624,CDC-00000624,1,2026-08-18T19:52:25Z,ON,DEV,CAD,368.04,Consumer,2026-08-18T19:59:34Z,2026-09-26T17:30:00Z
SO-202608-00625,CDC-00000625,1,2026-08-18T19:54:50Z,ON,SVC,CAD,484.46,Consumer,2026-08-18T19:59:52Z,2026-09-26T17:30:00Z
SO-202608-00626,CDC-00000626,1,2026-08-18T19:56:29Z,BC,ACC,CAD,206.23,Consumer,2026-08-18T19:57:00Z,2026-09-26T17:30:00Z
SO-202608-00627,CDC-00000627,1,2026-08-18T21:31:34Z,AB,ACC,CAD,127.94,SMB,2026-08-18T21:32:28Z,2026-09-26T17:30:00Z
SO-202608-00628,CDC-00000628,1,2026-08-18T21:33:52Z,QC,DEV,CAD,451.09,SMB,2026-08-18T21:39:07Z,2026-09-26T17:30:00Z
SO-202608-00629,CDC-00000629,1,2026-08-18T21:34:10Z,BC,DEV,CAD,424.89,Enterprise,2026-08-18T21:36:36Z,2026-09-26T17:30:00Z
SO-202608-00630,CDC-00000630,1,2026-08-18T23:19:33Z,AB,SVC,CAD,1080.65,SMB,2026-08-18T23:25:10Z,2026-09-26T17:30:00Z
SO-202608-00631,CDC-00000631,1,2026-08-19T00:49:22Z,ON,DEV,CAD,2308.78,Consumer,2026-08-19T00:57:55Z,2026-09-26T17:30:00Z
SO-202608-00632,CDC-00000632,1,2026-08-19T01:14:52Z,ON,DEV,CAD,2155.4,Enterprise,2026-08-19T01:22:24Z,2026-09-26T17:30:00Z
SO-202608-00633,CDC-00000633,1,2026-08-19T01:26:51Z,BC,DEV,CAD,598.26,Consumer,2026-08-19T01:32:03Z,2026-09-26T17:30:00Z
SO-202608-00634,CDC-00000634,1,2026-08-19T02:15:19Z,BC,ACC,CAD,27.29,Enterprise,2026-08-19T02:25:16Z,2026-09-26T17:30:00Z
SO-202608-00635,CDC-00000635,1,2026-08-19T02:28:45Z,ON,SVC,CAD,1069.29,Consumer,2026-08-19T02:32:44Z,2026-09-26T17:30:00Z
SO-202608-00636,CDC-00000636,1,2026-08-19T02:29:02Z,QC,SVC,USD,518.2,SMB,2026-08-19T02:32:34Z,2026-09-26T17:30:00Z
SO-202608-00637,CDC-00000637,1,2026-08-19T02:55:13Z,QC,DEV,CAD,741.37,SMB,2026-08-19T02:56:46Z,2026-09-26T17:30:00Z
SO-202608-00638,CDC-00000638,1,2026-08-19T02:59:41Z,BC,SVC,CAD,1011.48,SMB,2026-08-19T03:08:42Z,2026-09-26T17:30:00Z
SO-202608-00639,CDC-00000639,1,2026-08-19T03:14:39Z,BC,ACC,CAD,164.97,Consumer,2026-08-19T03:15:41Z,2026-09-26T17:30:00Z
SO-202608-00640,CDC-00000640,1,2026-08-19T03:36:13Z,QC,ACC,CAD,133.42,Enterprise,2026-08-19T03:40:17Z,2026-09-26T17:30:00Z
SO-202608-00641,CDC-00000641,1,2026-08-19T03:43:45Z,QC,ACC,CAD,193.9,SMB,2026-08-19T03:45:44Z,2026-09-26T17:30:00Z
SO-202608-00642,CDC-00000642,1,2026-08-19T04:49:36Z,QC,DEV,CAD,1339.04,Enterprise,2026-08-19T04:49:54Z,2026-09-26T17:30:00Z
SO-202608-00643,CDC-00000643,1,2026-08-19T05:14:04Z,ON,DEV,CAD,467.33,SMB,2026-08-19T05:15:50Z,2026-09-26T17:30:00Z
SO-202608-00644,CDC-00000644,1,2026-08-19T05:32:06Z,QC,ACC,CAD,99.12,Enterprise,2026-08-19T05:35:25Z,2026-09-26T17:30:00Z
SO-202608-00645,CDC-00000645,1,2026-08-19T06:15:45Z,QC,DEV,CAD,2188.24,Enterprise,2026-08-19T06:17:01Z,2026-09-26T17:30:00Z
SO-202608-00646,CDC-00000646,1,2026-08-19T08:05:09Z,ON,DEV,CAD,2026.18,Consumer,2026-08-19T08:08:09Z,2026-09-26T17:30:00Z
SO-202608-00647,CDC-00000647,1,2026-08-19T08:22:55Z,ON,ACC,CAD,73.94,Enterprise,2026-08-19T08:25:38Z,2026-09-26T17:30:00Z
SO-202608-00648,CDC-00000648,1,2026-08-19T08:31:44Z,AB,DEV,CAD,2022.29,Enterprise,2026-08-19T08:39:18Z,2026-09-26T17:30:00Z
SO-202608-00649,CDC-00000649,1,2026-08-19T08:45:40Z,AB,DEV,CAD,1053.93,SMB,2026-08-19T08:46:28Z,2026-09-26T17:30:00Z
SO-202608-00650,CDC-00000650,1,2026-08-19T08:48:21Z,AB,SVC,USD,1074.93,Consumer,2026-08-19T08:48:30Z,2026-09-26T17:30:00Z
SO-202608-00651,CDC-00000651,1,2026-08-19T09:44:04Z,AB,ACC,CAD,104.72,SMB,2026-08-19T09:44:21Z,2026-09-26T17:30:00Z
SO-202608-00652,CDC-00000652,1,2026-08-19T09:51:18Z,ON,DEV,USD,2232.45,Enterprise,2026-08-19T09:53:43Z,2026-09-26T17:30:00Z
SO-202608-00653,CDC-00000653,1,2026-08-19T11:04:25Z,AB,DEV,CAD,1825.23,SMB,2026-08-19T11:10:54Z,2026-09-26T17:30:00Z
SO-202608-00654,CDC-00000654,1,2026-08-19T11:37:18Z,AB,SVC,CAD,1048.08,Enterprise,2026-08-19T11:41:43Z,2026-09-26T17:30:00Z
SO-202608-00655,CDC-00000655,1,2026-08-19T12:38:37Z,AB,DEV,CAD,1386.91,Consumer,2026-08-19T12:39:07Z,2026-09-26T17:30:00Z
SO-202608-00656,CDC-00000656,1,2026-08-19T12:58:42Z,ON,ACC,USD,193.41,SMB,2026-08-19T13:04:47Z,2026-09-26T17:30:00Z
SO-202608-00657,CDC-00000657,1,2026-08-19T12:59:59Z,QC,ACC,CAD,99.78,Consumer,2026-08-19T13:06:59Z,2026-09-26T17:30:00Z
SO-202608-00658,CDC-00000658,1,2026-08-19T13:08:48Z,ON,DEV,CAD,2335.05,SMB,2026-08-19T13:17:15Z,2026-09-26T17:30:00Z
SO-202608-00659,CDC-00000659,1,2026-08-19T13:10:39Z,AB,ACC,USD,188.85,Enterprise,2026-08-19T13:16:02Z,2026-09-26T17:30:00Z
SO-202608-00660,CDC-00000660,1,2026-08-19T13:16:51Z,BC,DEV,CAD,856.2,Enterprise,2026-08-19T13:24:56Z,2026-09-26T17:30:00Z
SO-202608-00661,CDC-00000661,1,2026-08-19T13:46:04Z,ON,ACC,CAD,72.22,Enterprise,2026-08-19T13:53:09Z,2026-09-26T17:30:00Z
SO-202608-00662,CDC-00000662,1,2026-08-19T13:55:21Z,BC,ACC,CAD,193.38,SMB,2026-08-19T14:03:58Z,2026-09-26T17:30:00Z
SO-202608-00663,CDC-00000663,1,2026-08-19T14:13:41Z,ON,SVC,USD,804.17,Enterprise,2026-08-19T14:14:14Z,2026-09-26T17:30:00Z
SO-202608-00664,CDC-00000664,1,2026-08-19T14:28:25Z,AB,DEV,CAD,703.09,SMB,2026-08-19T14:32:13Z,2026-09-26T17:30:00Z
SO-202608-00665,CDC-00000665,1,2026-08-19T14:50:17Z,AB,ACC,CAD,195.61,Enterprise,2026-08-19T14:58:25Z,2026-09-26T17:30:00Z
SO-202608-00666,CDC-00000666,1,2026-08-19T15:47:42Z,ON,SVC,CAD,743.94,Enterprise,2026-08-19T15:53:24Z,2026-09-26T17:30:00Z
SO-202608-00667,CDC-00000667,1,2026-08-19T15:55:39Z,BC,DEV,USD,412.2,Consumer,2026-08-19T16:03:06Z,2026-09-26T17:30:00Z
SO-202608-00668,CDC-00000668,1,2026-08-19T17:03:18Z,AB,ACC,CAD,199.37,Enterprise,2026-08-19T17:04:48Z,2026-09-26T17:30:00Z
SO-202608-00669,CDC-00000669,1,2026-08-19T18:18:09Z,ON,ACC,CAD,174.41,SMB,2026-08-19T18:21:08Z,2026-09-26T17:30:00Z
SO-202608-00670,CDC-00000670,1,2026-08-19T18:26:40Z,BC,ACC,CAD,25.73,SMB,2026-08-19T18:31:26Z,2026-09-26T17:30:00Z
SO-202608-00671,CDC-00000671,1,2026-08-19T18:55:29Z,QC,DEV,CAD,431.08,SMB,2026-08-19T18:59:46Z,2026-09-26T17:30:00Z
SO-202608-00672,CDC-00000672,1,2026-08-19T18:56:40Z,ON,DEV,CAD,2177.96,Enterprise,2026-08-19T18:57:45Z,2026-09-26T17:30:00Z
SO-202608-00673,CDC-00000673,1,2026-08-19T18:59:01Z,ON,DEV,CAD,1995.61,SMB,2026-08-19T19:05:39Z,2026-09-26T17:30:00Z
SO-202608-00674,CDC-00000674,1,2026-08-19T19:08:15Z,ON,ACC,CAD,78.13,SMB,2026-08-19T19:10:10Z,2026-09-26T17:30:00Z
SO-202608-00675,CDC-00000675,1,2026-08-19T19:10:47Z,AB,SVC,CAD,1266.76,Enterprise,2026-08-19T19:11:48Z,2026-09-26T17:30:00Z
SO-202608-00676,CDC-00000676,1,2026-08-19T19:12:08Z,AB,DEV,CAD,385.34,Enterprise,2026-08-19T19:18:49Z,2026-09-26T17:30:00Z
SO-202608-00677,CDC-00000677,1,2026-08-19T20:42:09Z,ON,SVC,USD,204.56,Enterprise,2026-08-19T20:43:53Z,2026-09-26T17:30:00Z
SO-202608-00678,CDC-00000678,1,2026-08-19T21:06:56Z,AB,SVC,CAD,978.23,SMB,2026-08-19T21:13:50Z,2026-09-26T17:30:00Z
SO-202608-00679,CDC-00000679,1,2026-08-19T22:16:23Z,ON,SVC,CAD,947.22,Enterprise,2026-08-19T22:17:34Z,2026-09-26T17:30:00Z
SO-202608-00680,CDC-00000680,1,2026-08-20T00:40:40Z,ON,DEV,CAD,1993.56,Enterprise,2026-08-20T00:41:28Z,2026-09-26T17:30:00Z
SO-202608-00681,CDC-00000681,1,2026-08-20T01:21:04Z,ON,SVC,CAD,1060.65,Enterprise,2026-08-20T01:21:16Z,2026-09-26T17:30:00Z
SO-202608-00682,CDC-00000682,1,2026-08-20T01:22:45Z,AB,ACC,CAD,189.34,SMB,2026-08-20T01:28:18Z,2026-09-26T17:30:00Z
SO-202608-00683,CDC-00000683,1,2026-08-20T01:23:14Z,ON,SVC,CAD,247.19,Enterprise,2026-08-20T01:27:05Z,2026-09-26T17:30:00Z
SO-202608-00684,CDC-00000684,1,2026-08-20T01:24:52Z,BC,ACC,CAD,150.59,Consumer,2026-08-20T01:29:08Z,2026-09-26T17:30:00Z
SO-202608-00685,CDC-00000685,1,2026-08-20T03:16:01Z,BC,ACC,CAD,133.33,Consumer,2026-08-20T03:25:37Z,2026-09-26T17:30:00Z
SO-202608-00686,CDC-00000686,1,2026-08-20T05:03:59Z,QC,DEV,CAD,394.02,Consumer,2026-08-20T05:10:30Z,2026-09-26T17:30:00Z
SO-202608-00687,CDC-00000687,1,2026-08-20T05:23:11Z,ON,ACC,CAD,57.81,Consumer,2026-08-20T05:30:53Z,2026-09-26T17:30:00Z
SO-202608-00688,CDC-00000688,1,2026-08-20T05:25:18Z,ON,SVC,CAD,653.36,Enterprise,2026-08-20T05:27:36Z,2026-09-26T17:30:00Z
SO-202608-00689,CDC-00000689,1,2026-08-20T05:35:05Z,ON,ACC,USD,70.86,Consumer,2026-08-20T05:41:05Z,2026-09-26T17:30:00Z
SO-202608-00690,CDC-00000690,1,2026-08-20T07:37:14Z,ON,ACC,CAD,193.02,Consumer,2026-08-20T07:37:38Z,2026-09-26T17:30:00Z
SO-202608-00691,CDC-00000691,1,2026-08-20T07:45:21Z,ON,ACC,CAD,141.94,Enterprise,2026-08-20T07:54:05Z,2026-09-26T17:30:00Z
SO-202608-00692,CDC-00000692,1,2026-08-20T08:25:59Z,ON,DEV,CAD,1502.44,Enterprise,2026-08-20T08:27:52Z,2026-09-26T17:30:00Z
SO-202608-00693,CDC-00000693,1,2026-08-20T09:01:38Z,QC,DEV,CAD,2070.14,Enterprise,2026-08-20T09:03:35Z,2026-09-26T17:30:00Z
SO-202608-00694,CDC-00000694,1,2026-08-20T09:52:32Z,QC,DEV,CAD,2077.87,SMB,2026-08-20T09:53:50Z,2026-09-26T17:30:00Z
SO-202608-00695,CDC-00000695,1,2026-08-20T10:14:55Z,ON,SVC,CAD,382.8,SMB,2026-08-20T10:21:06Z,2026-09-26T17:30:00Z
SO-202608-00696,CDC-00000696,1,2026-08-20T10:15:13Z,ON,SVC,CAD,293.98,SMB,2026-08-20T10:17:46Z,2026-09-26T17:30:00Z
SO-202608-00697,CDC-00000697,1,2026-08-20T10:28:39Z,BC,ACC,CAD,164.53,Enterprise,2026-08-20T10:29:09Z,2026-09-26T17:30:00Z
SO-202608-00698,CDC-00000698,1,2026-08-20T10:37:41Z,ON,DEV,CAD,1719.67,Enterprise,2026-08-20T10:43:03Z,2026-09-26T17:30:00Z
SO-202608-00699,CDC-00000699,1,2026-08-20T11:01:36Z,AB,DEV,CAD,623.92,SMB,2026-08-20T11:09:20Z,2026-09-26T17:30:00Z
SO-202608-00700,CDC-00000700,1,2026-08-20T11:03:02Z,ON,ACC,CAD,55.99,SMB,2026-08-20T11:10:14Z,2026-09-26T17:30:00Z
SO-202608-00701,CDC-00000701,1,2026-08-20T12:05:06Z,BC,DEV,CAD,2199.7,SMB,2026-08-20T12:08:49Z,2026-09-26T17:30:00Z
SO-202608-00702,CDC-00000702,1,2026-08-20T12:10:32Z,QC,ACC,CAD,110.35,SMB,2026-08-20T12:11:05Z,2026-09-26T17:30:00Z
SO-202608-00703,CDC-00000703,1,2026-08-20T12:45:34Z,ON,SVC,CAD,801.59,SMB,2026-08-20T12:49:47Z,2026-09-26T17:30:00Z
SO-202608-00704,CDC-00000704,1,2026-08-20T12:46:04Z,AB,ACC,CAD,216.21,SMB,2026-08-20T12:50:31Z,2026-09-26T17:30:00Z
SO-202608-00705,CDC-00000705,1,2026-08-20T13:33:03Z,ON,ACC,CAD,141.82,Consumer,2026-08-20T13:34:13Z,2026-09-26T17:30:00Z
SO-202608-00706,CDC-00000706,1,2026-08-20T13:55:31Z,ON,ACC,CAD,147.2,Consumer,2026-08-20T13:58:10Z,2026-09-26T17:30:00Z
SO-202608-00707,CDC-00000707,1,2026-08-20T15:49:31Z,ON,SVC,CAD,1105.69,Consumer,2026-08-20T15:57:13Z,2026-09-26T17:30:00Z
SO-202608-00708,CDC-00000708,1,2026-08-20T16:06:37Z,AB,ACC,CAD,197.56,Enterprise,2026-08-20T16:09:44Z,2026-09-26T17:30:00Z
SO-202608-00709,CDC-00000709,1,2026-08-20T16:11:54Z,QC,ACC,CAD,206.74,SMB,2026-08-20T16:18:41Z,2026-09-26T17:30:00Z
SO-202608-00710,CDC-00000710,1,2026-08-20T17:29:59Z,BC,DEV,CAD,1238.78,Consumer,2026-08-20T17:38:46Z,2026-09-26T17:30:00Z
SO-202608-00711,CDC-00000711,1,2026-08-20T17:40:45Z,AB,DEV,CAD,1961.57,SMB,2026-08-20T17:42:12Z,2026-09-26T17:30:00Z
SO-202608-00712,CDC-00000712,1,2026-08-20T17:49:00Z,ON,ACC,CAD,201.55,Enterprise,2026-08-20T17:54:03Z,2026-09-26T17:30:00Z
SO-202608-00713,CDC-00000713,1,2026-08-20T21:22:11Z,AB,SVC,CAD,410.04,SMB,2026-08-20T21:24:10Z,2026-09-26T17:30:00Z
SO-202608-00714,CDC-00000714,1,2026-08-20T21:45:49Z,ON,ACC,CAD,35.16,Enterprise,2026-08-20T21:47:45Z,2026-09-26T17:30:00Z
SO-202608-00715,CDC-00000715,1,2026-08-20T22:47:39Z,AB,ACC,CAD,120.71,Consumer,2026-08-20T22:56:23Z,2026-09-26T17:30:00Z
SO-202608-00716,CDC-00000716,1,2026-08-20T22:53:20Z,AB,ACC,CAD,48.05,Consumer,2026-08-20T22:54:31Z,2026-09-26T17:30:00Z
SO-202608-00717,CDC-00000717,1,2026-08-21T00:09:57Z,AB,SVC,CAD,1319.22,SMB,2026-08-21T00:14:20Z,2026-09-26T17:30:00Z
SO-202608-00718,CDC-00000718,1,2026-08-21T00:32:37Z,QC,ACC,CAD,120.26,Consumer,2026-08-21T00:38:14Z,2026-09-26T17:30:00Z
SO-202608-00719,CDC-00000719,1,2026-08-21T01:26:48Z,BC,SVC,CAD,1102.39,Enterprise,2026-08-21T01:34:31Z,2026-09-26T17:30:00Z
SO-202608-00720,CDC-00000720,1,2026-08-21T01:32:00Z,ON,ACC,CAD,164.78,Enterprise,2026-08-21T01:41:52Z,2026-09-26T17:30:00Z
SO-202608-00721,CDC-00000721,1,2026-08-21T01:36:15Z,AB,DEV,CAD,1991.84,Enterprise,2026-08-21T01:38:37Z,2026-09-26T17:30:00Z
SO-202608-00722,CDC-00000722,1,2026-08-21T02:06:19Z,BC,ACC,CAD,133.61,Enterprise,2026-08-21T02:10:31Z,2026-09-26T17:30:00Z
SO-202608-00723,CDC-00000723,1,2026-08-21T03:01:33Z,ON,SVC,CAD,957.36,Consumer,2026-08-21T03:07:12Z,2026-09-26T17:30:00Z
SO-202608-00724,CDC-00000724,1,2026-08-21T03:47:52Z,BC,DEV,CAD,2014.29,Enterprise,2026-08-21T03:56:48Z,2026-09-26T17:30:00Z
SO-202608-00725,CDC-00000725,1,2026-08-21T04:15:32Z,AB,ACC,CAD,55.3,SMB,2026-08-21T04:15:43Z,2026-09-26T17:30:00Z
SO-202608-00726,CDC-00000726,1,2026-08-21T04:30:22Z,QC,ACC,CAD,122.35,Consumer,2026-08-21T04:35:37Z,2026-09-26T17:30:00Z
SO-202608-00727,CDC-00000727,1,2026-08-21T04:47:27Z,AB,DEV,CAD,1451.11,SMB,2026-08-21T04:56:25Z,2026-09-26T17:30:00Z
SO-202608-00728,CDC-00000728,1,2026-08-21T05:30:27Z,BC,DEV,CAD,1711.11,Enterprise,2026-08-21T05:34:09Z,2026-09-26T17:30:00Z
SO-202608-00729,CDC-00000729,1,2026-08-21T06:02:58Z,AB,ACC,CAD,137.32,Consumer,2026-08-21T06:05:24Z,2026-09-26T17:30:00Z
SO-202608-00730,CDC-00000730,1,2026-08-21T07:36:25Z,ON,SVC,CAD,805.85,SMB,2026-08-21T07:39:41Z,2026-09-26T17:30:00Z
SO-202608-00731,CDC-00000731,1,2026-08-21T07:43:09Z,QC,DEV,CAD,1902.95,SMB,2026-08-21T07:45:49Z,2026-09-26T17:30:00Z
SO-202608-00732,CDC-00000732,1,2026-08-21T07:49:56Z,ON,DEV,CAD,1269.56,Consumer,2026-08-21T07:55:29Z,2026-09-26T17:30:00Z
SO-202608-00733,CDC-00000733,1,2026-08-21T09:56:35Z,QC,SVC,CAD,339.94,SMB,2026-08-21T09:59:18Z,2026-09-26T17:30:00Z
SO-202608-00734,CDC-00000734,1,2026-08-21T10:06:33Z,QC,DEV,CAD,699.39,SMB,2026-08-21T10:09:09Z,2026-09-26T17:30:00Z
SO-202608-00735,CDC-00000735,1,2026-08-21T10:28:41Z,BC,DEV,CAD,1211.56,Consumer,2026-08-21T10:29:39Z,2026-09-26T17:30:00Z
SO-202608-00736,CDC-00000736,1,2026-08-21T11:00:09Z,BC,DEV,CAD,2310.28,Enterprise,2026-08-21T11:04:34Z,2026-09-26T17:30:00Z
SO-202608-00737,CDC-00000737,1,2026-08-21T11:39:03Z,QC,DEV,CAD,718.82,Enterprise,2026-08-21T11:39:59Z,2026-09-26T17:30:00Z
SO-202608-00738,CDC-00000738,1,2026-08-21T11:43:29Z,ON,DEV,CAD,1000.88,Consumer,2026-08-21T11:50:52Z,2026-09-26T17:30:00Z
SO-202608-00739,CDC-00000739,1,2026-08-21T13:12:14Z,ON,ACC,CAD,89.32,Enterprise,2026-08-21T13:15:30Z,2026-09-26T17:30:00Z
SO-202608-00740,CDC-00000740,1,2026-08-21T14:27:55Z,ON,DEV,USD,555.77,Consumer,2026-08-21T14:29:30Z,2026-09-26T17:30:00Z
SO-202608-00741,CDC-00000741,1,2026-08-21T15:37:18Z,QC,ACC,CAD,61.97,Enterprise,2026-08-21T15:43:13Z,2026-09-26T17:30:00Z
SO-202608-00742,CDC-00000742,1,2026-08-21T16:08:10Z,BC,ACC,CAD,39.68,SMB,2026-08-21T16:17:20Z,2026-09-26T17:30:00Z
SO-202608-00743,CDC-00000743,1,2026-08-21T16:14:14Z,BC,DEV,CAD,2083.56,SMB,2026-08-21T16:16:57Z,2026-09-26T17:30:00Z
SO-202608-00744,CDC-00000744,1,2026-08-21T17:38:09Z,BC,SVC,CAD,422.83,Consumer,2026-08-21T17:38:32Z,2026-09-26T17:30:00Z
SO-202608-00745,CDC-00000745,1,2026-08-21T17:44:35Z,QC,SVC,CAD,915.73,Enterprise,2026-08-21T17:54:18Z,2026-09-26T17:30:00Z
SO-202608-00746,CDC-00000746,1,2026-08-21T18:29:47Z,ON,DEV,CAD,1917.3,Enterprise,2026-08-21T18:31:04Z,2026-09-26T17:30:00Z
SO-202608-00747,CDC-00000747,1,2026-08-21T18:58:34Z,ON,DEV,CAD,1342.41,Consumer,2026-08-21T19:00:26Z,2026-09-26T17:30:00Z
SO-202608-00748,CDC-00000748,1,2026-08-21T19:10:50Z,ON,DEV,CAD,532.66,Enterprise,2026-08-21T19:18:20Z,2026-09-26T17:30:00Z
SO-202608-00749,CDC-00000749,1,2026-08-21T19:16:59Z,AB,ACC,CAD,156.34,SMB,2026-08-21T19:20:16Z,2026-09-26T17:30:00Z
SO-202608-00750,CDC-00000750,1,2026-08-21T20:09:20Z,ON,SVC,CAD,1011.07,Consumer,2026-08-21T20:12:58Z,2026-09-26T17:30:00Z
SO-202608-00751,CDC-00000751,1,2026-08-21T20:50:01Z,BC,SVC,CAD,494.49,SMB,2026-08-21T20:50:59Z,2026-09-26T17:30:00Z
SO-202608-00752,CDC-00000752,1,2026-08-21T20:59:29Z,ON,DEV,CAD,2152.78,Enterprise,2026-08-21T21:05:20Z,2026-09-26T17:30:00Z
SO-202608-00753,CDC-00000753,1,2026-08-21T21:18:37Z,ON,DEV,CAD,1446.19,Consumer,2026-08-21T21:23:36Z,2026-09-26T17:30:00Z
SO-202608-00754,CDC-00000754,1,2026-08-21T23:06:24Z,AB,DEV,USD,2029.83,Enterprise,2026-08-21T23:11:54Z,2026-09-26T17:30:00Z
SO-202608-00755,CDC-00000755,1,2026-08-21T23:12:35Z,AB,ACC,CAD,74.48,Enterprise,2026-08-21T23:18:20Z,2026-09-26T17:30:00Z
SO-202608-00756,CDC-00000756,1,2026-08-21T23:38:53Z,QC,DEV,CAD,720.77,Enterprise,2026-08-21T23:43:57Z,2026-09-26T17:30:00Z
SO-202608-00757,CDC-00000757,1,2026-08-22T00:37:23Z,ON,DEV,CAD,653.66,Consumer,2026-08-22T00:42:07Z,2026-09-26T17:30:00Z
SO-202608-00758,CDC-00000758,1,2026-08-22T01:25:23Z,AB,ACC,CAD,55.5,SMB,2026-08-22T01:28:51Z,2026-09-26T17:30:00Z
SO-202608-00759,CDC-00000759,1,2026-08-22T01:27:26Z,BC,SVC,CAD,391.4,Enterprise,2026-08-22T01:37:20Z,2026-09-26T17:30:00Z
SO-202608-00760,CDC-00000760,1,2026-08-22T01:47:31Z,BC,ACC,CAD,97.74,Enterprise,2026-08-22T01:51:24Z,2026-09-26T17:30:00Z
SO-202608-00761,CDC-00000761,1,2026-08-22T02:22:02Z,ON,DEV,CAD,1984.98,Enterprise,2026-08-22T02:24:30Z,2026-09-26T17:30:00Z
SO-202608-00762,CDC-00000762,1,2026-08-22T03:17:18Z,AB,DEV,CAD,1416.02,Consumer,2026-08-22T03:20:57Z,2026-09-26T17:30:00Z
SO-202608-00763,CDC-00000763,1,2026-08-22T03:19:27Z,BC,ACC,CAD,164.16,Consumer,2026-08-22T03:25:27Z,2026-09-26T17:30:00Z
SO-202608-00764,CDC-00000764,1,2026-08-22T04:14:41Z,AB,ACC,CAD,197.52,Enterprise,2026-08-22T04:19:42Z,2026-09-26T17:30:00Z
SO-202608-00765,CDC-00000765,1,2026-08-22T04:21:41Z,ON,ACC,CAD,73.4,Enterprise,2026-08-22T04:30:28Z,2026-09-26T17:30:00Z
SO-202608-00766,CDC-00000766,1,2026-08-22T04:40:08Z,AB,DEV,CAD,1340.57,SMB,2026-08-22T04:48:19Z,2026-09-26T17:30:00Z
SO-202608-00767,CDC-00000767,1,2026-08-22T05:39:49Z,BC,DEV,CAD,436.04,Consumer,2026-08-22T05:45:24Z,2026-09-26T17:30:00Z
SO-202608-00768,CDC-00000768,1,2026-08-22T06:22:05Z,AB,ACC,CAD,210.34,Consumer,2026-08-22T06:23:53Z,2026-09-26T17:30:00Z
SO-202608-00769,CDC-00000769,1,2026-08-22T07:07:45Z,ON,DEV,CAD,2183.11,Enterprise,2026-08-22T07:16:15Z,2026-09-26T17:30:00Z
SO-202608-00770,CDC-00000770,1,2026-08-22T07:19:02Z,ON,ACC,CAD,78.44,Enterprise,2026-08-22T07:22:17Z,2026-09-26T17:30:00Z
SO-202608-00771,CDC-00000771,1,2026-08-22T07:44:30Z,BC,DEV,CAD,1711.43,Enterprise,2026-08-22T07:52:02Z,2026-09-26T17:30:00Z
SO-202608-00772,CDC-00000772,1,2026-08-22T07:49:41Z,QC,SVC,CAD,389.99,Enterprise,2026-08-22T07:51:37Z,2026-09-26T17:30:00Z
SO-202608-00773,CDC-00000773,1,2026-08-22T08:09:44Z,BC,DEV,CAD,2187.01,Enterprise,2026-08-22T08:19:00Z,2026-09-26T17:30:00Z
SO-202608-00774,CDC-00000774,1,2026-08-22T08:11:21Z,QC,ACC,CAD,92.18,Consumer,2026-08-22T08:18:43Z,2026-09-26T17:30:00Z
SO-202608-00775,CDC-00000775,1,2026-08-22T08:23:29Z,BC,ACC,CAD,192.34,Enterprise,2026-08-22T08:28:09Z,2026-09-26T17:30:00Z
SO-202608-00776,CDC-00000776,1,2026-08-22T08:41:49Z,BC,DEV,CAD,1059.64,Consumer,2026-08-22T08:46:12Z,2026-09-26T17:30:00Z
SO-202608-00777,CDC-00000777,1,2026-08-22T09:07:20Z,AB,DEV,CAD,1611.61,SMB,2026-08-22T09:12:43Z,2026-09-26T17:30:00Z
SO-202608-00778,CDC-00000778,1,2026-08-22T09:45:44Z,BC,DEV,CAD,2381.66,SMB,2026-08-22T09:53:49Z,2026-09-26T17:30:00Z
SO-202608-00779,CDC-00000779,1,2026-08-22T09:53:56Z,QC,SVC,CAD,313.79,Enterprise,2026-08-22T09:54:15Z,2026-09-26T17:30:00Z
SO-202608-00780,CDC-00000780,1,2026-08-22T10:51:35Z,QC,ACC,CAD,70.45,Enterprise,2026-08-22T11:00:58Z,2026-09-26T17:30:00Z
SO-202608-00781,CDC-00000781,1,2026-08-22T12:27:26Z,QC,DEV,CAD,901.4,Enterprise,2026-08-22T12:32:38Z,2026-09-26T17:30:00Z
SO-202608-00782,CDC-00000782,1,2026-08-22T13:27:52Z,AB,ACC,CAD,54.21,SMB,2026-08-22T13:32:17Z,2026-09-26T17:30:00Z
SO-202608-00783,CDC-00000783,1,2026-08-22T13:32:35Z,BC,DEV,CAD,684.03,SMB,2026-08-22T13:33:24Z,2026-09-26T17:30:00Z
SO-202608-00784,CDC-00000784,1,2026-08-22T13:47:47Z,ON,SVC,CAD,1100.98,SMB,2026-08-22T13:51:43Z,2026-09-26T17:30:00Z
SO-202608-00785,CDC-00000785,1,2026-08-22T13:58:50Z,QC,DEV,USD,2032.59,Consumer,2026-08-22T14:08:38Z,2026-09-26T17:30:00Z
SO-202608-00786,CDC-00000786,1,2026-08-22T14:02:31Z,QC,ACC,CAD,26.1,Consumer,2026-08-22T14:10:19Z,2026-09-26T17:30:00Z
SO-202608-00787,CDC-00000787,1,2026-08-22T14:04:53Z,AB,DEV,CAD,940.24,Consumer,2026-08-22T14:07:51Z,2026-09-26T17:30:00Z
SO-202608-00788,CDC-00000788,1,2026-08-22T15:14:53Z,ON,DEV,CAD,1795.01,Enterprise,2026-08-22T15:24:09Z,2026-09-26T17:30:00Z
SO-202608-00789,CDC-00000789,1,2026-08-22T15:22:14Z,ON,SVC,CAD,1360.89,Consumer,2026-08-22T15:27:58Z,2026-09-26T17:30:00Z
SO-202608-00790,CDC-00000790,1,2026-08-22T15:33:23Z,AB,ACC,CAD,30.64,Enterprise,2026-08-22T15:42:31Z,2026-09-26T17:30:00Z
SO-202608-00791,CDC-00000791,1,2026-08-22T15:52:05Z,ON,DEV,CAD,879.04,SMB,2026-08-22T16:01:28Z,2026-09-26T17:30:00Z
SO-202608-00792,CDC-00000792,1,2026-08-22T16:47:58Z,BC,DEV,CAD,780.56,Enterprise,2026-08-22T16:51:44Z,2026-09-26T17:30:00Z
SO-202608-00793,CDC-00000793,1,2026-08-22T17:23:21Z,QC,DEV,CAD,464.77,SMB,2026-08-22T17:29:53Z,2026-09-26T17:30:00Z
SO-202608-00794,CDC-00000794,1,2026-08-22T18:47:32Z,QC,ACC,CAD,75.24,Enterprise,2026-08-22T18:54:31Z,2026-09-26T17:30:00Z
SO-202608-00795,CDC-00000795,1,2026-08-22T18:49:23Z,QC,SVC,CAD,1398.58,SMB,2026-08-22T18:51:24Z,2026-09-26T17:30:00Z
SO-202608-00796,CDC-00000796,1,2026-08-22T19:06:20Z,QC,SVC,USD,1200.08,SMB,2026-08-22T19:14:44Z,2026-09-26T17:30:00Z
SO-202608-00797,CDC-00000797,1,2026-08-22T19:31:03Z,ON,SVC,CAD,646.91,Enterprise,2026-08-22T19:34:37Z,2026-09-26T17:30:00Z
SO-202608-00798,CDC-00000798,1,2026-08-22T20:41:18Z,AB,DEV,CAD,526.8,Enterprise,2026-08-22T20:41:47Z,2026-09-26T17:30:00Z
SO-202608-00799,CDC-00000799,1,2026-08-22T22:23:30Z,BC,DEV,CAD,2098.5,SMB,2026-08-22T22:26:38Z,2026-09-26T17:30:00Z
SO-202608-00800,CDC-00000800,1,2026-08-22T23:04:28Z,QC,DEV,CAD,2257,Consumer,2026-08-22T23:06:54Z,2026-09-26T17:30:00Z
SO-202608-00801,CDC-00000801,1,2026-08-22T23:26:06Z,AB,SVC,CAD,1353.31,Enterprise,2026-08-22T23:34:34Z,2026-09-26T17:30:00Z
SO-202608-00802,CDC-00000802,1,2026-08-23T00:18:01Z,ON,DEV,CAD,2173.69,Consumer,2026-08-23T00:27:07Z,2026-09-26T17:30:00Z
SO-202608-00803,CDC-00000803,1,2026-08-23T00:59:48Z,ON,DEV,CAD,1452.64,Consumer,2026-08-23T01:02:53Z,2026-09-26T17:30:00Z
SO-202608-00804,CDC-00000804,1,2026-08-23T03:00:06Z,ON,ACC,CAD,64.11,Consumer,2026-08-23T03:06:49Z,2026-09-26T17:30:00Z
SO-202608-00805,CDC-00000805,1,2026-08-23T03:26:26Z,AB,ACC,USD,128.84,SMB,2026-08-23T03:33:22Z,2026-09-26T17:30:00Z
SO-202608-00806,CDC-00000806,1,2026-08-23T04:07:36Z,AB,ACC,CAD,95.25,SMB,2026-08-23T04:12:46Z,2026-09-26T17:30:00Z
SO-202608-00807,CDC-00000807,1,2026-08-23T04:09:36Z,BC,DEV,CAD,1548.54,Consumer,2026-08-23T04:13:58Z,2026-09-26T17:30:00Z
SO-202608-00808,CDC-00000808,1,2026-08-23T04:43:20Z,ON,ACC,CAD,138.32,Enterprise,2026-08-23T04:44:49Z,2026-09-26T17:30:00Z
SO-202608-00809,CDC-00000809,1,2026-08-23T05:16:36Z,QC,ACC,CAD,28.81,Consumer,2026-08-23T05:20:57Z,2026-09-26T17:30:00Z
SO-202608-00810,CDC-00000810,1,2026-08-23T07:05:29Z,BC,SVC,CAD,1135.99,Consumer,2026-08-23T07:15:23Z,2026-09-26T17:30:00Z
SO-202608-00811,CDC-00000811,1,2026-08-23T10:03:39Z,AB,DEV,CAD,2048.43,Consumer,2026-08-23T10:04:02Z,2026-09-26T17:30:00Z
SO-202608-00812,CDC-00000812,1,2026-08-23T10:51:46Z,QC,ACC,CAD,176.69,SMB,2026-08-23T10:52:01Z,2026-09-26T17:30:00Z
SO-202608-00813,CDC-00000813,1,2026-08-23T11:24:00Z,QC,ACC,CAD,216.18,Consumer,2026-08-23T11:34:00Z,2026-09-26T17:30:00Z
SO-202608-00814,CDC-00000814,1,2026-08-23T11:37:03Z,QC,ACC,CAD,202.91,Enterprise,2026-08-23T11:45:57Z,2026-09-26T17:30:00Z
SO-202608-00815,CDC-00000815,1,2026-08-23T12:23:32Z,ON,SVC,CAD,655.36,Consumer,2026-08-23T12:29:43Z,2026-09-26T17:30:00Z
SO-202608-00816,CDC-00000816,1,2026-08-23T12:32:54Z,BC,ACC,CAD,72.34,Consumer,2026-08-23T12:36:04Z,2026-09-26T17:30:00Z
SO-202608-00817,CDC-00000817,1,2026-08-23T12:57:45Z,ON,DEV,CAD,1096.05,Consumer,2026-08-23T12:58:15Z,2026-09-26T17:30:00Z
SO-202608-00818,CDC-00000818,1,2026-08-23T14:37:17Z,ON,ACC,CAD,100.74,Enterprise,2026-08-23T14:39:55Z,2026-09-26T17:30:00Z
SO-202608-00819,CDC-00000819,1,2026-08-23T14:55:04Z,AB,DEV,CAD,901.14,Enterprise,2026-08-23T14:58:47Z,2026-09-26T17:30:00Z
SO-202608-00820,CDC-00000820,1,2026-08-23T15:40:50Z,ON,DEV,CAD,1955.03,Consumer,2026-08-23T15:43:24Z,2026-09-26T17:30:00Z
SO-202608-00821,CDC-00000821,1,2026-08-23T16:08:57Z,ON,ACC,CAD,148.93,Consumer,2026-08-23T16:15:46Z,2026-09-26T17:30:00Z
SO-202608-00822,CDC-00000822,1,2026-08-23T16:32:06Z,ON,DEV,CAD,389.24,Enterprise,2026-08-23T16:37:16Z,2026-09-26T17:30:00Z
SO-202608-00823,CDC-00000823,1,2026-08-23T17:46:50Z,BC,ACC,CAD,40.57,SMB,2026-08-23T17:55:07Z,2026-09-26T17:30:00Z
SO-202608-00824,CDC-00000824,1,2026-08-23T17:52:51Z,BC,ACC,CAD,142.37,Consumer,2026-08-23T17:53:58Z,2026-09-26T17:30:00Z
SO-202608-00825,CDC-00000825,1,2026-08-23T18:03:22Z,QC,SVC,CAD,778.68,Enterprise,2026-08-23T18:05:30Z,2026-09-26T17:30:00Z
SO-202608-00826,CDC-00000826,1,2026-08-23T18:08:24Z,ON,DEV,CAD,1010.39,Consumer,2026-08-23T18:14:02Z,2026-09-26T17:30:00Z
SO-202608-00827,CDC-00000827,1,2026-08-23T18:12:25Z,QC,SVC,CAD,1289.58,Enterprise,2026-08-23T18:22:11Z,2026-09-26T17:30:00Z
SO-202608-00828,CDC-00000828,1,2026-08-23T19:14:36Z,ON,DEV,CAD,472.3,SMB,2026-08-23T19:16:18Z,2026-09-26T17:30:00Z
SO-202608-00829,CDC-00000829,1,2026-08-23T19:32:34Z,AB,ACC,CAD,179.89,SMB,2026-08-23T19:40:23Z,2026-09-26T17:30:00Z
SO-202608-00830,CDC-00000830,1,2026-08-23T19:35:23Z,AB,DEV,CAD,368.4,SMB,2026-08-23T19:37:31Z,2026-09-26T17:30:00Z
SO-202608-00831,CDC-00000831,1,2026-08-23T21:09:31Z,ON,ACC,CAD,32.73,Consumer,2026-08-23T21:18:26Z,2026-09-26T17:30:00Z
SO-202608-00832,CDC-00000832,1,2026-08-23T22:39:47Z,ON,SVC,CAD,1108.22,Enterprise,2026-08-23T22:44:26Z,2026-09-26T17:30:00Z
SO-202608-00833,CDC-00000833,1,2026-08-23T23:59:56Z,BC,ACC,CAD,207.1,Consumer,2026-08-24T00:06:56Z,2026-09-26T17:30:00Z
SO-202608-00834,CDC-00000834,1,2026-08-24T02:32:49Z,AB,ACC,CAD,28.36,Consumer,2026-08-24T02:39:01Z,2026-09-26T17:30:00Z
SO-202608-00835,CDC-00000835,1,2026-08-24T02:49:34Z,ON,SVC,CAD,1123.04,Consumer,2026-08-24T02:59:15Z,2026-09-26T17:30:00Z
SO-202608-00836,CDC-00000836,1,2026-08-24T04:02:35Z,ON,ACC,CAD,121.11,Consumer,2026-08-24T04:03:05Z,2026-09-26T17:30:00Z
SO-202608-00837,CDC-00000837,1,2026-08-24T04:37:11Z,AB,ACC,USD,207.25,Consumer,2026-08-24T04:40:15Z,2026-09-26T17:30:00Z
SO-202608-00838,CDC-00000838,1,2026-08-24T04:49:52Z,AB,DEV,CAD,1640.17,SMB,2026-08-24T04:54:20Z,2026-09-26T17:30:00Z
SO-202608-00839,CDC-00000839,1,2026-08-24T05:10:05Z,BC,DEV,CAD,657.27,SMB,2026-08-24T05:10:16Z,2026-09-26T17:30:00Z
SO-202608-00840,CDC-00000840,1,2026-08-24T06:02:54Z,BC,DEV,USD,981.52,SMB,2026-08-24T06:07:18Z,2026-09-26T17:30:00Z
SO-202608-00841,CDC-00000841,1,2026-08-24T06:29:38Z,ON,SVC,CAD,272.37,SMB,2026-08-24T06:36:21Z,2026-09-26T17:30:00Z
SO-202608-00842,CDC-00000842,1,2026-08-24T07:01:02Z,ON,DEV,CAD,1180.87,Consumer,2026-08-24T07:05:35Z,2026-09-26T17:30:00Z
SO-202608-00843,CDC-00000843,1,2026-08-24T07:14:56Z,AB,ACC,CAD,45.36,Enterprise,2026-08-24T07:24:39Z,2026-09-26T17:30:00Z
SO-202608-00844,CDC-00000844,1,2026-08-24T07:32:19Z,AB,DEV,CAD,1086.66,SMB,2026-08-24T07:39:27Z,2026-09-26T17:30:00Z
SO-202608-00845,CDC-00000845,1,2026-08-24T09:47:21Z,QC,SVC,CAD,562.31,SMB,2026-08-24T09:56:39Z,2026-09-26T17:30:00Z
SO-202608-00846,CDC-00000846,1,2026-08-24T09:56:42Z,ON,SVC,CAD,1274.19,SMB,2026-08-24T09:59:27Z,2026-09-26T17:30:00Z
SO-202608-00847,CDC-00000847,1,2026-08-24T10:03:12Z,AB,SVC,CAD,207.62,Consumer,2026-08-24T10:07:22Z,2026-09-26T17:30:00Z
SO-202608-00848,CDC-00000848,1,2026-08-24T12:09:50Z,BC,ACC,CAD,217.78,SMB,2026-08-24T12:16:53Z,2026-09-26T17:30:00Z
SO-202608-00849,CDC-00000849,1,2026-08-24T12:15:24Z,QC,DEV,CAD,1892.9,SMB,2026-08-24T12:21:07Z,2026-09-26T17:30:00Z
SO-202608-00850,CDC-00000850,1,2026-08-24T12:28:46Z,QC,ACC,CAD,181.07,Enterprise,2026-08-24T12:34:24Z,2026-09-26T17:30:00Z
SO-202608-00851,CDC-00000851,1,2026-08-24T14:06:12Z,BC,DEV,CAD,904.41,Consumer,2026-08-24T14:11:55Z,2026-09-26T17:30:00Z
SO-202608-00852,CDC-00000852,1,2026-08-24T15:44:48Z,ON,SVC,CAD,756.2,Enterprise,2026-08-24T15:51:15Z,2026-09-26T17:30:00Z
SO-202608-00853,CDC-00000853,1,2026-08-24T16:07:39Z,ON,DEV,CAD,1335.68,SMB,2026-08-24T16:12:58Z,2026-09-26T17:30:00Z
SO-202608-00854,CDC-00000854,1,2026-08-24T18:09:38Z,QC,ACC,CAD,216.49,SMB,2026-08-24T18:11:34Z,2026-09-26T17:30:00Z
SO-202608-00855,CDC-00000855,1,2026-08-24T18:26:51Z,QC,DEV,CAD,530.15,Enterprise,2026-08-24T18:27:00Z,2026-09-26T17:30:00Z
SO-202608-00856,CDC-00000856,1,2026-08-24T18:43:38Z,QC,SVC,CAD,1119.97,SMB,2026-08-24T18:44:49Z,2026-09-26T17:30:00Z
SO-202608-00857,CDC-00000857,1,2026-08-24T19:15:05Z,AB,SVC,CAD,954.26,Consumer,2026-08-24T19:17:02Z,2026-09-26T17:30:00Z
SO-202608-00858,CDC-00000858,1,2026-08-24T19:55:28Z,ON,ACC,CAD,80.7,Enterprise,2026-08-24T19:59:11Z,2026-09-26T17:30:00Z
SO-202608-00859,CDC-00000859,1,2026-08-24T21:29:43Z,ON,DEV,CAD,2217.42,SMB,2026-08-24T21:34:06Z,2026-09-26T17:30:00Z
SO-202608-00860,CDC-00000860,1,2026-08-24T22:10:25Z,ON,DEV,USD,1642.03,Enterprise,2026-08-24T22:13:34Z,2026-09-26T17:30:00Z
SO-202608-00861,CDC-00000861,1,2026-08-24T23:18:24Z,ON,DEV,CAD,362.37,Consumer,2026-08-24T23:20:09Z,2026-09-26T17:30:00Z
SO-202608-00862,CDC-00000862,1,2026-08-24T23:18:59Z,ON,DEV,CAD,1038.26,Enterprise,2026-08-24T23:22:37Z,2026-09-26T17:30:00Z
SO-202608-00863,CDC-00000863,1,2026-08-24T23:44:38Z,AB,ACC,CAD,105.77,SMB,2026-08-24T23:46:07Z,2026-09-26T17:30:00Z
SO-202608-00864,CDC-00000864,1,2026-08-25T00:07:45Z,AB,SVC,CAD,363.48,Enterprise,2026-08-25T00:11:26Z,2026-09-26T17:30:00Z
SO-202608-00865,CDC-00000865,1,2026-08-25T01:04:26Z,ON,DEV,CAD,941.65,Consumer,2026-08-25T01:11:24Z,2026-09-26T17:30:00Z
SO-202608-00866,CDC-00000866,1,2026-08-25T01:11:15Z,ON,SVC,CAD,236.63,SMB,2026-08-25T01:21:14Z,2026-09-26T17:30:00Z
SO-202608-00867,CDC-00000867,1,2026-08-25T03:28:22Z,QC,ACC,CAD,166.03,Consumer,2026-08-25T03:30:17Z,2026-09-26T17:30:00Z
SO-202608-00868,CDC-00000868,1,2026-08-25T03:53:52Z,ON,DEV,CAD,769.64,Consumer,2026-08-25T04:03:33Z,2026-09-26T17:30:00Z
SO-202608-00869,CDC-00000869,1,2026-08-25T04:46:33Z,ON,SVC,CAD,1101.78,Enterprise,2026-08-25T04:55:38Z,2026-09-26T17:30:00Z
SO-202608-00870,CDC-00000870,1,2026-08-25T04:58:55Z,AB,DEV,USD,1421.13,Consumer,2026-08-25T05:04:01Z,2026-09-26T17:30:00Z
SO-202608-00871,CDC-00000871,1,2026-08-25T05:09:51Z,ON,ACC,CAD,138.26,SMB,2026-08-25T05:10:47Z,2026-09-26T17:30:00Z
SO-202608-00872,CDC-00000872,1,2026-08-25T05:14:39Z,AB,DEV,CAD,1034.99,SMB,2026-08-25T05:16:27Z,2026-09-26T17:30:00Z
SO-202608-00873,CDC-00000873,1,2026-08-25T06:17:25Z,QC,DEV,CAD,541.68,Enterprise,2026-08-25T06:20:41Z,2026-09-26T17:30:00Z
SO-202608-00874,CDC-00000874,1,2026-08-25T06:27:27Z,QC,ACC,CAD,208.33,Consumer,2026-08-25T06:30:27Z,2026-09-26T17:30:00Z
SO-202608-00875,CDC-00000875,1,2026-08-25T06:34:27Z,ON,ACC,CAD,98,SMB,2026-08-25T06:43:57Z,2026-09-26T17:30:00Z
SO-202608-00876,CDC-00000876,1,2026-08-25T06:39:30Z,QC,DEV,CAD,1615.9,Enterprise,2026-08-25T06:40:12Z,2026-09-26T17:30:00Z
SO-202608-00877,CDC-00000877,1,2026-08-25T07:07:40Z,BC,DEV,CAD,933.94,Consumer,2026-08-25T07:08:47Z,2026-09-26T17:30:00Z
SO-202608-00878,CDC-00000878,1,2026-08-25T08:14:57Z,ON,DEV,CAD,1437.27,SMB,2026-08-25T08:20:50Z,2026-09-26T17:30:00Z
SO-202608-00879,CDC-00000879,1,2026-08-25T08:19:26Z,ON,SVC,CAD,1054.26,Enterprise,2026-08-25T08:22:19Z,2026-09-26T17:30:00Z
SO-202608-00880,CDC-00000880,1,2026-08-25T08:43:59Z,AB,ACC,CAD,136,Consumer,2026-08-25T08:49:59Z,2026-09-26T17:30:00Z
SO-202608-00881,CDC-00000881,1,2026-08-25T09:01:12Z,QC,DEV,CAD,1771.96,Enterprise,2026-08-25T09:08:02Z,2026-09-26T17:30:00Z
SO-202608-00882,CDC-00000882,1,2026-08-25T09:43:45Z,AB,SVC,CAD,346.15,Enterprise,2026-08-25T09:44:08Z,2026-09-26T17:30:00Z
SO-202608-00883,CDC-00000883,1,2026-08-25T11:47:26Z,BC,ACC,CAD,34.21,SMB,2026-08-25T11:47:36Z,2026-09-26T17:30:00Z
SO-202608-00884,CDC-00000884,1,2026-08-25T11:55:35Z,AB,DEV,USD,2171.17,Consumer,2026-08-25T11:58:17Z,2026-09-26T17:30:00Z
SO-202608-00885,CDC-00000885,1,2026-08-25T13:08:55Z,QC,SVC,CAD,1092.39,Consumer,2026-08-25T13:09:17Z,2026-09-26T17:30:00Z
SO-202608-00886,CDC-00000886,1,2026-08-25T13:57:40Z,ON,ACC,CAD,131.84,Consumer,2026-08-25T14:00:53Z,2026-09-26T17:30:00Z
SO-202608-00887,CDC-00000887,1,2026-08-25T14:06:50Z,ON,ACC,CAD,173.18,SMB,2026-08-25T14:11:53Z,2026-09-26T17:30:00Z
SO-202608-00888,CDC-00000888,1,2026-08-25T14:43:37Z,AB,DEV,CAD,1535.79,SMB,2026-08-25T14:51:43Z,2026-09-26T17:30:00Z
SO-202608-00889,CDC-00000889,1,2026-08-25T14:49:26Z,ON,DEV,CAD,1329.68,Consumer,2026-08-25T14:50:58Z,2026-09-26T17:30:00Z
SO-202608-00890,CDC-00000890,1,2026-08-25T16:37:54Z,BC,ACC,CAD,180.62,Consumer,2026-08-25T16:42:22Z,2026-09-26T17:30:00Z
SO-202608-00891,CDC-00000891,1,2026-08-25T17:38:37Z,BC,ACC,CAD,77.43,SMB,2026-08-25T17:42:50Z,2026-09-26T17:30:00Z
SO-202608-00892,CDC-00000892,1,2026-08-25T19:47:31Z,AB,ACC,CAD,153.31,Consumer,2026-08-25T19:53:33Z,2026-09-26T17:30:00Z
SO-202608-00893,CDC-00000893,1,2026-08-25T22:28:43Z,QC,DEV,CAD,781.6,SMB,2026-08-25T22:30:29Z,2026-09-26T17:30:00Z
SO-202608-00894,CDC-00000894,1,2026-08-25T23:54:05Z,QC,DEV,CAD,1991.88,Enterprise,2026-08-25T23:56:05Z,2026-09-26T17:30:00Z
SO-202608-00895,CDC-00000895,1,2026-08-26T00:09:57Z,BC,ACC,CAD,85.55,SMB,2026-08-26T00:13:27Z,2026-09-26T17:30:00Z
SO-202608-00896,CDC-00000896,1,2026-08-26T00:15:29Z,BC,DEV,CAD,1106.51,Consumer,2026-08-26T00:20:14Z,2026-09-26T17:30:00Z
SO-202608-00897,CDC-00000897,1,2026-08-26T01:02:07Z,ON,SVC,CAD,332.9,Consumer,2026-08-26T01:08:48Z,2026-09-26T17:30:00Z
SO-202608-00898,CDC-00000898,1,2026-08-26T01:06:44Z,ON,ACC,CAD,190.79,Consumer,2026-08-26T01:08:15Z,2026-09-26T17:30:00Z
SO-202608-00899,CDC-00000899,1,2026-08-26T01:23:05Z,ON,ACC,CAD,185.49,Consumer,2026-08-26T01:25:46Z,2026-09-26T17:30:00Z
SO-202608-00900,CDC-00000900,1,2026-08-26T01:36:06Z,QC,ACC,CAD,188.39,Consumer,2026-08-26T01:37:01Z,2026-09-26T17:30:00Z
SO-202608-00901,CDC-00000901,1,2026-08-26T02:19:57Z,ON,DEV,CAD,1015.17,Enterprise,2026-08-26T02:27:47Z,2026-09-26T17:30:00Z
SO-202608-00902,CDC-00000902,1,2026-08-26T02:27:17Z,BC,DEV,CAD,1922.75,Enterprise,2026-08-26T02:30:17Z,2026-09-26T17:30:00Z
SO-202608-00903,CDC-00000903,1,2026-08-26T02:47:09Z,ON,DEV,CAD,2269.71,Enterprise,2026-08-26T02:54:54Z,2026-09-26T17:30:00Z
SO-202608-00904,CDC-00000904,1,2026-08-26T03:00:04Z,BC,DEV,CAD,958.79,Enterprise,2026-08-26T03:02:36Z,2026-09-26T17:30:00Z
SO-202608-00905,CDC-00000905,1,2026-08-26T04:00:41Z,AB,ACC,CAD,29.9,SMB,2026-08-26T04:02:51Z,2026-09-26T17:30:00Z
SO-202608-00906,CDC-00000906,1,2026-08-26T04:07:32Z,AB,SVC,CAD,801.35,SMB,2026-08-26T04:09:53Z,2026-09-26T17:30:00Z
SO-202608-00907,CDC-00000907,1,2026-08-26T04:16:19Z,QC,ACC,CAD,210.49,Enterprise,2026-08-26T04:24:38Z,2026-09-26T17:30:00Z
SO-202608-00908,CDC-00000908,1,2026-08-26T04:19:34Z,QC,ACC,CAD,34.49,Consumer,2026-08-26T04:26:51Z,2026-09-26T17:30:00Z
SO-202608-00909,CDC-00000909,1,2026-08-26T04:21:06Z,BC,DEV,USD,2153.22,SMB,2026-08-26T04:31:03Z,2026-09-26T17:30:00Z
SO-202608-00910,CDC-00000910,1,2026-08-26T06:56:36Z,QC,ACC,CAD,115.44,SMB,2026-08-26T06:58:10Z,2026-09-26T17:30:00Z
SO-202608-00911,CDC-00000911,1,2026-08-26T07:16:16Z,QC,DEV,CAD,643.92,Enterprise,2026-08-26T07:20:29Z,2026-09-26T17:30:00Z
SO-202608-00912,CDC-00000912,1,2026-08-26T07:31:05Z,QC,SVC,CAD,1217.14,SMB,2026-08-26T07:31:38Z,2026-09-26T17:30:00Z
SO-202608-00913,CDC-00000913,1,2026-08-26T08:01:15Z,ON,DEV,CAD,2175.68,Enterprise,2026-08-26T08:04:42Z,2026-09-26T17:30:00Z
SO-202608-00914,CDC-00000914,1,2026-08-26T08:17:08Z,ON,ACC,CAD,166.02,Consumer,2026-08-26T08:26:12Z,2026-09-26T17:30:00Z
SO-202608-00915,CDC-00000915,1,2026-08-26T08:49:16Z,ON,DEV,USD,1282.68,SMB,2026-08-26T08:52:04Z,2026-09-26T17:30:00Z
SO-202608-00916,CDC-00000916,1,2026-08-26T09:54:42Z,QC,DEV,CAD,1997.34,SMB,2026-08-26T09:59:48Z,2026-09-26T17:30:00Z
SO-202608-00917,CDC-00000917,1,2026-08-26T10:37:39Z,AB,SVC,CAD,428.87,Consumer,2026-08-26T10:47:15Z,2026-09-26T17:30:00Z
SO-202608-00918,CDC-00000918,1,2026-08-26T11:42:18Z,AB,DEV,CAD,779.06,Enterprise,2026-08-26T11:51:46Z,2026-09-26T17:30:00Z
SO-202608-00919,CDC-00000919,1,2026-08-26T12:48:12Z,ON,ACC,CAD,177.4,Consumer,2026-08-26T12:52:41Z,2026-09-26T17:30:00Z
SO-202608-00920,CDC-00000920,1,2026-08-26T13:38:05Z,AB,SVC,CAD,827.97,SMB,2026-08-26T13:38:40Z,2026-09-26T17:30:00Z
SO-202608-00921,CDC-00000921,1,2026-08-26T14:06:51Z,ON,SVC,CAD,1217.77,SMB,2026-08-26T14:16:36Z,2026-09-26T17:30:00Z
SO-202608-00922,CDC-00000922,1,2026-08-26T14:57:34Z,ON,SVC,CAD,524.15,Enterprise,2026-08-26T15:04:11Z,2026-09-26T17:30:00Z
SO-202608-00923,CDC-00000923,1,2026-08-26T16:10:25Z,ON,SVC,CAD,882.33,Consumer,2026-08-26T16:17:35Z,2026-09-26T17:30:00Z
SO-202608-00924,CDC-00000924,1,2026-08-26T16:34:08Z,ON,ACC,USD,153.01,Enterprise,2026-08-26T16:43:52Z,2026-09-26T17:30:00Z
SO-202608-00925,CDC-00000925,1,2026-08-26T17:13:40Z,QC,DEV,CAD,553.21,Consumer,2026-08-26T17:16:17Z,2026-09-26T17:30:00Z
SO-202608-00926,CDC-00000926,1,2026-08-26T18:15:03Z,ON,ACC,CAD,45.21,SMB,2026-08-26T18:24:57Z,2026-09-26T17:30:00Z
SO-202608-00927,CDC-00000927,1,2026-08-26T19:17:41Z,BC,ACC,CAD,74.67,SMB,2026-08-26T19:24:02Z,2026-09-26T17:30:00Z
SO-202608-00928,CDC-00000928,1,2026-08-26T19:26:35Z,AB,DEV,CAD,2195.43,Consumer,2026-08-26T19:35:23Z,2026-09-26T17:30:00Z
SO-202608-00929,CDC-00000929,1,2026-08-26T20:18:04Z,ON,ACC,CAD,175.51,Consumer,2026-08-26T20:19:03Z,2026-09-26T17:30:00Z
SO-202608-00930,CDC-00000930,1,2026-08-26T20:29:32Z,ON,ACC,CAD,35.78,SMB,2026-08-26T20:34:45Z,2026-09-26T17:30:00Z
SO-202608-00931,CDC-00000931,1,2026-08-26T20:34:40Z,ON,SVC,CAD,1092.72,SMB,2026-08-26T20:40:56Z,2026-09-26T17:30:00Z
SO-202608-00932,CDC-00000932,1,2026-08-26T20:58:44Z,ON,ACC,CAD,101.9,Consumer,2026-08-26T21:06:49Z,2026-09-26T17:30:00Z
SO-202608-00933,CDC-00000933,1,2026-08-26T22:36:54Z,QC,DEV,CAD,1692.95,Enterprise,2026-08-26T22:45:55Z,2026-09-26T17:30:00Z
SO-202608-00934,CDC-00000934,1,2026-08-26T23:02:55Z,ON,ACC,CAD,158.31,SMB,2026-08-26T23:04:32Z,2026-09-26T17:30:00Z
SO-202608-00935,CDC-00000935,1,2026-08-26T23:59:12Z,QC,ACC,CAD,96,Consumer,2026-08-27T00:03:31Z,2026-09-26T17:30:00Z
SO-202608-00936,CDC-00000936,1,2026-08-26T23:59:19Z,QC,ACC,CAD,212.01,SMB,2026-08-27T00:09:07Z,2026-09-26T17:30:00Z
SO-202608-00937,CDC-00000937,1,2026-08-27T00:14:30Z,BC,DEV,CAD,1199.2,Enterprise,2026-08-27T00:21:58Z,2026-09-26T17:30:00Z
SO-202608-00938,CDC-00000938,1,2026-08-27T01:49:31Z,BC,SVC,CAD,975.89,SMB,2026-08-27T01:53:50Z,2026-09-26T17:30:00Z
SO-202608-00939,CDC-00000939,1,2026-08-27T02:23:33Z,QC,DEV,CAD,587.97,Consumer,2026-08-27T02:27:34Z,2026-09-26T17:30:00Z
SO-202608-00940,CDC-00000940,1,2026-08-27T02:44:12Z,QC,DEV,CAD,455.63,Enterprise,2026-08-27T02:52:46Z,2026-09-26T17:30:00Z
SO-202608-00941,CDC-00000941,1,2026-08-27T03:36:52Z,ON,DEV,CAD,1890.89,SMB,2026-08-27T03:46:07Z,2026-09-26T17:30:00Z
SO-202608-00942,CDC-00000942,1,2026-08-27T04:34:57Z,ON,ACC,CAD,86.82,Consumer,2026-08-27T04:42:05Z,2026-09-26T17:30:00Z
SO-202608-00943,CDC-00000943,1,2026-08-27T05:46:48Z,AB,SVC,CAD,371.05,Enterprise,2026-08-27T05:47:56Z,2026-09-26T17:30:00Z
SO-202608-00944,CDC-00000944,1,2026-08-27T05:50:22Z,ON,DEV,CAD,1091.66,Enterprise,2026-08-27T05:55:57Z,2026-09-26T17:30:00Z
SO-202608-00945,CDC-00000945,1,2026-08-27T06:36:20Z,BC,ACC,CAD,85.25,SMB,2026-08-27T06:39:14Z,2026-09-26T17:30:00Z
SO-202608-00946,CDC-00000946,1,2026-08-27T07:25:03Z,QC,SVC,CAD,637.26,SMB,2026-08-27T07:33:52Z,2026-09-26T17:30:00Z
SO-202608-00947,CDC-00000947,1,2026-08-27T07:42:12Z,BC,ACC,USD,119.21,Enterprise,2026-08-27T07:42:13Z,2026-09-26T17:30:00Z
SO-202608-00948,CDC-00000948,1,2026-08-27T08:03:40Z,QC,DEV,CAD,1407.27,Consumer,2026-08-27T08:11:42Z,2026-09-26T17:30:00Z
SO-202608-00949,CDC-00000949,1,2026-08-27T08:52:35Z,AB,DEV,CAD,2337.11,Consumer,2026-08-27T08:53:23Z,2026-09-26T17:30:00Z
SO-202608-00950,CDC-00000950,1,2026-08-27T09:45:40Z,AB,SVC,CAD,672.64,SMB,2026-08-27T09:52:31Z,2026-09-26T17:30:00Z
SO-202608-00951,CDC-00000951,1,2026-08-27T09:46:09Z,QC,ACC,CAD,44.97,SMB,2026-08-27T09:54:47Z,2026-09-26T17:30:00Z
SO-202608-00952,CDC-00000952,1,2026-08-27T11:19:59Z,QC,DEV,CAD,1119.72,Enterprise,2026-08-27T11:23:33Z,2026-09-26T17:30:00Z
SO-202608-00953,CDC-00000953,1,2026-08-27T11:22:41Z,ON,DEV,CAD,654.3,Consumer,2026-08-27T11:25:57Z,2026-09-26T17:30:00Z
SO-202608-00954,CDC-00000954,1,2026-08-27T12:17:28Z,BC,ACC,CAD,148.57,SMB,2026-08-27T12:21:58Z,2026-09-26T17:30:00Z
SO-202608-00955,CDC-00000955,1,2026-08-27T13:42:36Z,BC,ACC,CAD,143.8,Enterprise,2026-08-27T13:51:12Z,2026-09-26T17:30:00Z
SO-202608-00956,CDC-00000956,1,2026-08-27T17:27:57Z,ON,DEV,CAD,503.46,SMB,2026-08-27T17:35:40Z,2026-09-26T17:30:00Z
SO-202608-00957,CDC-00000957,1,2026-08-27T18:04:20Z,ON,DEV,CAD,611.12,Enterprise,2026-08-27T18:09:18Z,2026-09-26T17:30:00Z
SO-202608-00958,CDC-00000958,1,2026-08-27T18:22:36Z,AB,SVC,CAD,897.08,Enterprise,2026-08-27T18:29:42Z,2026-09-26T17:30:00Z
SO-202608-00959,CDC-00000959,1,2026-08-27T18:33:19Z,AB,ACC,CAD,195.07,Enterprise,2026-08-27T18:38:35Z,2026-09-26T17:30:00Z
SO-202608-00960,CDC-00000960,1,2026-08-27T21:54:35Z,ON,SVC,CAD,321.93,Consumer,2026-08-27T22:03:29Z,2026-09-26T17:30:00Z
SO-202608-00961,CDC-00000961,1,2026-08-27T22:12:20Z,QC,DEV,CAD,1014.65,SMB,2026-08-27T22:14:20Z,2026-09-26T17:30:00Z
SO-202608-00962,CDC-00000962,1,2026-08-27T22:32:45Z,BC,ACC,CAD,87.52,Consumer,2026-08-27T22:34:58Z,2026-09-26T17:30:00Z
SO-202608-00963,CDC-00000963,1,2026-08-27T22:33:09Z,BC,ACC,CAD,60.93,Consumer,2026-08-27T22:39:02Z,2026-09-26T17:30:00Z
SO-202608-00964,CDC-00000964,1,2026-08-27T23:42:59Z,ON,DEV,CAD,2324.54,Consumer,2026-08-27T23:46:34Z,2026-09-26T17:30:00Z
SO-202608-00965,CDC-00000965,1,2026-08-27T23:48:01Z,ON,ACC,CAD,156.08,Consumer,2026-08-27T23:50:09Z,2026-09-26T17:30:00Z
SO-202608-00966,CDC-00000966,1,2026-08-28T00:16:28Z,QC,DEV,CAD,1262.14,Consumer,2026-08-28T00:24:23Z,2026-09-26T17:30:00Z
SO-202608-00967,CDC-00000967,1,2026-08-28T00:47:32Z,QC,SVC,CAD,308.11,SMB,2026-08-28T00:51:52Z,2026-09-26T17:30:00Z
SO-202608-00968,CDC-00000968,1,2026-08-28T01:49:54Z,ON,ACC,CAD,194.74,Enterprise,2026-08-28T01:55:20Z,2026-09-26T17:30:00Z
SO-202608-00969,CDC-00000969,1,2026-08-28T03:48:38Z,AB,ACC,CAD,202.44,Enterprise,2026-08-28T03:56:31Z,2026-09-26T17:30:00Z
SO-202608-00970,CDC-00000970,1,2026-08-28T04:25:06Z,ON,SVC,CAD,990.14,SMB,2026-08-28T04:28:19Z,2026-09-26T17:30:00Z
SO-202608-00971,CDC-00000971,1,2026-08-28T05:39:12Z,BC,DEV,CAD,1520.4,Enterprise,2026-08-28T05:47:47Z,2026-09-26T17:30:00Z
SO-202608-00972,CDC-00000972,1,2026-08-28T05:39:41Z,ON,SVC,CAD,259.52,SMB,2026-08-28T05:43:38Z,2026-09-26T17:30:00Z
SO-202608-00973,CDC-00000973,1,2026-08-28T07:40:00Z,AB,ACC,CAD,28.78,Enterprise,2026-08-28T07:42:01Z,2026-09-26T17:30:00Z
SO-202608-00974,CDC-00000974,1,2026-08-28T08:05:38Z,ON,ACC,CAD,42.25,SMB,2026-08-28T08:11:33Z,2026-09-26T17:30:00Z
SO-202608-00975,CDC-00000975,1,2026-08-28T08:41:19Z,BC,DEV,CAD,1828.8,SMB,2026-08-28T08:49:49Z,2026-09-26T17:30:00Z
SO-202608-00976,CDC-00000976,1,2026-08-28T08:46:56Z,QC,DEV,CAD,1132.42,Consumer,2026-08-28T08:55:46Z,2026-09-26T17:30:00Z
SO-202608-00977,CDC-00000977,1,2026-08-28T09:09:03Z,ON,ACC,CAD,186.52,Enterprise,2026-08-28T09:09:23Z,2026-09-26T17:30:00Z
SO-202608-00978,CDC-00000978,1,2026-08-28T12:31:24Z,AB,DEV,CAD,414.73,SMB,2026-08-28T12:32:24Z,2026-09-26T17:30:00Z
SO-202608-00979,CDC-00000979,1,2026-08-28T13:31:11Z,BC,ACC,CAD,157.59,Consumer,2026-08-28T13:32:41Z,2026-09-26T17:30:00Z
SO-202608-00980,CDC-00000980,1,2026-08-28T13:38:07Z,AB,DEV,CAD,864.02,SMB,2026-08-28T13:45:04Z,2026-09-26T17:30:00Z
SO-202608-00981,CDC-00000981,1,2026-08-28T13:45:42Z,BC,DEV,CAD,1151.06,Enterprise,2026-08-28T13:51:07Z,2026-09-26T17:30:00Z
SO-202608-00982,CDC-00000982,1,2026-08-28T14:20:51Z,BC,DEV,CAD,1938.27,SMB,2026-08-28T14:30:47Z,2026-09-26T17:30:00Z
SO-202608-00983,CDC-00000983,1,2026-08-28T14:28:04Z,ON,DEV,CAD,1301.44,Enterprise,2026-08-28T14:37:13Z,2026-09-26T17:30:00Z
SO-202608-00984,CDC-00000984,1,2026-08-28T14:57:38Z,BC,ACC,CAD,89.42,Enterprise,2026-08-28T15:00:41Z,2026-09-26T17:30:00Z
SO-202608-00985,CDC-00000985,1,2026-08-28T15:02:53Z,BC,ACC,CAD,216.65,Enterprise,2026-08-28T15:10:22Z,2026-09-26T17:30:00Z
SO-202608-00986,CDC-00000986,1,2026-08-28T15:50:36Z,ON,SVC,CAD,1033.34,Consumer,2026-08-28T15:53:35Z,2026-09-26T17:30:00Z
SO-202608-00987,CDC-00000987,1,2026-08-28T16:50:07Z,BC,SVC,USD,924.38,Consumer,2026-08-28T16:50:09Z,2026-09-26T17:30:00Z
SO-202608-00988,CDC-00000988,1,2026-08-28T16:51:43Z,BC,SVC,CAD,938.03,SMB,2026-08-28T16:58:03Z,2026-09-26T17:30:00Z
SO-202608-00989,CDC-00000989,1,2026-08-28T18:41:00Z,ON,ACC,CAD,171.69,Consumer,2026-08-28T18:48:08Z,2026-09-26T17:30:00Z
SO-202608-00990,CDC-00000990,1,2026-08-28T18:58:45Z,AB,SVC,CAD,1090.25,Enterprise,2026-08-28T19:00:51Z,2026-09-26T17:30:00Z
SO-202608-00991,CDC-00000991,1,2026-08-28T19:05:11Z,QC,SVC,CAD,1245.43,Enterprise,2026-08-28T19:05:58Z,2026-09-26T17:30:00Z
SO-202608-00992,CDC-00000992,1,2026-08-28T19:42:11Z,ON,SVC,CAD,404.61,Consumer,2026-08-28T19:47:52Z,2026-09-26T17:30:00Z
SO-202608-00993,CDC-00000993,1,2026-08-28T19:50:37Z,ON,DEV,USD,2020.75,SMB,2026-08-28T19:54:08Z,2026-09-26T17:30:00Z
SO-202608-00994,CDC-00000994,1,2026-08-28T20:02:06Z,ON,DEV,CAD,1752.69,SMB,2026-08-28T20:09:36Z,2026-09-26T17:30:00Z
SO-202608-00995,CDC-00000995,1,2026-08-28T20:24:34Z,AB,SVC,CAD,342.57,SMB,2026-08-28T20:32:05Z,2026-09-26T17:30:00Z
SO-202608-00996,CDC-00000996,1,2026-08-28T20:28:04Z,ON,DEV,CAD,1738.45,Consumer,2026-08-28T20:31:55Z,2026-09-26T17:30:00Z
SO-202608-00997,CDC-00000997,1,2026-08-28T21:08:10Z,BC,SVC,CAD,453.71,Consumer,2026-08-28T21:11:50Z,2026-09-26T17:30:00Z
SO-202608-00998,CDC-00000998,1,2026-08-28T21:11:40Z,QC,DEV,CAD,2314.6,Consumer,2026-08-28T21:16:24Z,2026-09-26T17:30:00Z
SO-202608-00999,CDC-00000999,1,2026-08-28T21:18:38Z,BC,SVC,CAD,1193.74,Enterprise,2026-08-28T21:28:06Z,2026-09-26T17:30:00Z
SO-202608-01000,CDC-00001000,1,2026-08-28T21:38:03Z,AB,SVC,USD,612.05,Enterprise,2026-08-28T21:47:01Z,2026-09-26T17:30:00Z
SO-202608-01001,CDC-00001001,1,2026-08-28T21:45:05Z,BC,DEV,CAD,2214.18,SMB,2026-08-28T21:47:07Z,2026-09-26T17:30:00Z
SO-202608-01002,CDC-00001002,1,2026-08-28T21:53:40Z,ON,DEV,CAD,1499.63,Consumer,2026-08-28T21:55:35Z,2026-09-26T17:30:00Z
SO-202608-01003,CDC-00001003,1,2026-08-28T21:59:51Z,ON,SVC,CAD,1302.09,SMB,2026-08-28T22:04:16Z,2026-09-26T17:30:00Z
SO-202608-01004,CDC-00001004,1,2026-08-28T22:12:38Z,BC,ACC,CAD,219.25,Consumer,2026-08-28T22:13:17Z,2026-09-26T17:30:00Z
SO-202608-01005,CDC-00001005,1,2026-08-28T22:50:12Z,QC,DEV,CAD,1928.36,Consumer,2026-08-28T22:59:42Z,2026-09-26T17:30:00Z
SO-202608-01006,CDC-00001006,1,2026-08-29T00:25:38Z,QC,SVC,CAD,1015.81,Consumer,2026-08-29T00:33:33Z,2026-09-26T17:30:00Z
SO-202608-01007,CDC-00001007,1,2026-08-29T02:13:32Z,ON,ACC,CAD,137.13,SMB,2026-08-29T02:17:03Z,2026-09-26T17:30:00Z
SO-202608-01008,CDC-00001008,1,2026-08-29T02:52:53Z,AB,ACC,CAD,65.16,SMB,2026-08-29T03:01:02Z,2026-09-26T17:30:00Z
SO-202608-01009,CDC-00001009,1,2026-08-29T03:00:51Z,BC,SVC,CAD,1278.56,SMB,2026-08-29T03:06:14Z,2026-09-26T17:30:00Z
SO-202608-01010,CDC-00001010,1,2026-08-29T03:35:37Z,ON,SVC,USD,1099.11,SMB,2026-08-29T03:43:37Z,2026-09-26T17:30:00Z
SO-202608-01011,CDC-00001011,1,2026-08-29T03:39:16Z,BC,DEV,CAD,2098.37,SMB,2026-08-29T03:45:20Z,2026-09-26T17:30:00Z
SO-202608-01012,CDC-00001012,1,2026-08-29T04:11:27Z,ON,ACC,CAD,179,SMB,2026-08-29T04:17:01Z,2026-09-26T17:30:00Z
SO-202608-01013,CDC-00001013,1,2026-08-29T04:30:37Z,AB,DEV,CAD,395.78,Enterprise,2026-08-29T04:36:27Z,2026-09-26T17:30:00Z
SO-202608-01014,CDC-00001014,1,2026-08-29T04:37:10Z,QC,DEV,CAD,1609.16,SMB,2026-08-29T04:44:47Z,2026-09-26T17:30:00Z
SO-202608-01015,CDC-00001015,1,2026-08-29T05:23:05Z,BC,DEV,CAD,2060.31,SMB,2026-08-29T05:27:43Z,2026-09-26T17:30:00Z
SO-202608-01016,CDC-00001016,1,2026-08-29T06:46:56Z,ON,DEV,CAD,854.33,Consumer,2026-08-29T06:48:31Z,2026-09-26T17:30:00Z
SO-202608-01017,CDC-00001017,1,2026-08-29T07:18:34Z,BC,DEV,CAD,700.96,SMB,2026-08-29T07:20:13Z,2026-09-26T17:30:00Z
SO-202608-01018,CDC-00001018,1,2026-08-29T07:25:58Z,ON,ACC,CAD,29.11,SMB,2026-08-29T07:26:10Z,2026-09-26T17:30:00Z
SO-202608-01019,CDC-00001019,1,2026-08-29T07:27:56Z,ON,SVC,USD,190.16,SMB,2026-08-29T07:29:43Z,2026-09-26T17:30:00Z
SO-202608-01020,CDC-00001020,1,2026-08-29T08:08:39Z,ON,DEV,CAD,2103.47,Enterprise,2026-08-29T08:15:13Z,2026-09-26T17:30:00Z
SO-202608-01021,CDC-00001021,1,2026-08-29T08:13:38Z,QC,ACC,CAD,167.84,SMB,2026-08-29T08:16:23Z,2026-09-26T17:30:00Z
SO-202608-01022,CDC-00001022,1,2026-08-29T08:37:13Z,QC,ACC,CAD,80.67,SMB,2026-08-29T08:42:22Z,2026-09-26T17:30:00Z
SO-202608-01023,CDC-00001023,1,2026-08-29T08:49:32Z,QC,ACC,CAD,184.76,SMB,2026-08-29T08:58:49Z,2026-09-26T17:30:00Z
SO-202608-01024,CDC-00001024,1,2026-08-29T09:49:34Z,AB,ACC,CAD,36.05,Enterprise,2026-08-29T09:50:35Z,2026-09-26T17:30:00Z
SO-202608-01025,CDC-00001025,1,2026-08-29T10:16:29Z,ON,SVC,USD,327.12,Consumer,2026-08-29T10:23:17Z,2026-09-26T17:30:00Z
SO-202608-01026,CDC-00001026,1,2026-08-29T10:25:54Z,QC,ACC,CAD,104.41,Enterprise,2026-08-29T10:29:48Z,2026-09-26T17:30:00Z
SO-202608-01027,CDC-00001027,1,2026-08-29T10:45:09Z,QC,DEV,CAD,629.66,Consumer,2026-08-29T10:54:03Z,2026-09-26T17:30:00Z
SO-202608-01028,CDC-00001028,1,2026-08-29T13:25:51Z,AB,ACC,CAD,207.33,SMB,2026-08-29T13:34:34Z,2026-09-26T17:30:00Z
SO-202608-01029,CDC-00001029,1,2026-08-29T13:31:51Z,ON,ACC,CAD,157.9,SMB,2026-08-29T13:36:58Z,2026-09-26T17:30:00Z
SO-202608-01030,CDC-00001030,1,2026-08-29T13:38:09Z,QC,DEV,CAD,1056.09,SMB,2026-08-29T13:45:38Z,2026-09-26T17:30:00Z
SO-202608-01031,CDC-00001031,1,2026-08-29T14:28:25Z,BC,SVC,CAD,374.39,Enterprise,2026-08-29T14:34:49Z,2026-09-26T17:30:00Z
SO-202608-01032,CDC-00001032,1,2026-08-29T14:53:24Z,AB,DEV,CAD,1854.23,SMB,2026-08-29T14:54:41Z,2026-09-26T17:30:00Z
SO-202608-01033,CDC-00001033,1,2026-08-29T15:18:09Z,ON,ACC,CAD,138.29,Consumer,2026-08-29T15:20:47Z,2026-09-26T17:30:00Z
SO-202608-01034,CDC-00001034,1,2026-08-29T15:20:34Z,QC,ACC,CAD,33.13,Enterprise,2026-08-29T15:24:40Z,2026-09-26T17:30:00Z
SO-202608-01035,CDC-00001035,1,2026-08-29T15:31:19Z,QC,DEV,CAD,2236.56,Consumer,2026-08-29T15:39:48Z,2026-09-26T17:30:00Z
SO-202608-01036,CDC-00001036,1,2026-08-29T15:36:10Z,BC,SVC,CAD,936.71,SMB,2026-08-29T15:42:01Z,2026-09-26T17:30:00Z
SO-202608-01037,CDC-00001037,1,2026-08-29T17:08:52Z,ON,DEV,CAD,2228.55,Enterprise,2026-08-29T17:12:50Z,2026-09-26T17:30:00Z
SO-202608-01038,CDC-00001038,1,2026-08-29T17:26:15Z,QC,SVC,USD,1004.85,SMB,2026-08-29T17:36:03Z,2026-09-26T17:30:00Z
SO-202608-01039,CDC-00001039,1,2026-08-29T18:22:59Z,BC,ACC,CAD,71.58,Enterprise,2026-08-29T18:29:36Z,2026-09-26T17:30:00Z
SO-202608-01040,CDC-00001040,1,2026-08-29T19:16:07Z,AB,SVC,USD,664.08,SMB,2026-08-29T19:25:55Z,2026-09-26T17:30:00Z
SO-202608-01041,CDC-00001041,1,2026-08-29T19:38:27Z,QC,ACC,CAD,72.92,SMB,2026-08-29T19:43:55Z,2026-09-26T17:30:00Z
SO-202608-01042,CDC-00001042,1,2026-08-29T21:49:17Z,ON,DEV,CAD,1440.96,SMB,2026-08-29T21:57:27Z,2026-09-26T17:30:00Z
SO-202608-01043,CDC-00001043,1,2026-08-29T21:54:36Z,BC,ACC,CAD,157.49,Enterprise,2026-08-29T21:56:32Z,2026-09-26T17:30:00Z
SO-202608-01044,CDC-00001044,1,2026-08-29T22:21:00Z,AB,ACC,CAD,94.01,Enterprise,2026-08-29T22:26:38Z,2026-09-26T17:30:00Z
SO-202608-01045,CDC-00001045,1,2026-08-29T23:02:39Z,BC,ACC,CAD,124.84,SMB,2026-08-29T23:06:06Z,2026-09-26T17:30:00Z
SO-202608-01046,CDC-00001046,1,2026-08-29T23:09:16Z,BC,ACC,CAD,216.12,Enterprise,2026-08-29T23:16:09Z,2026-09-26T17:30:00Z
SO-202608-01047,CDC-00001047,1,2026-08-29T23:13:54Z,ON,ACC,CAD,48.9,Consumer,2026-08-29T23:23:14Z,2026-09-26T17:30:00Z
SO-202608-01048,CDC-00001048,1,2026-08-29T23:24:34Z,ON,ACC,CAD,143.62,Enterprise,2026-08-29T23:31:01Z,2026-09-26T17:30:00Z
SO-202608-01049,CDC-00001049,1,2026-08-30T00:38:39Z,ON,DEV,CAD,1542.87,SMB,2026-08-30T00:42:27Z,2026-09-26T17:30:00Z
SO-202608-01050,CDC-00001050,1,2026-08-30T01:51:05Z,ON,DEV,CAD,1038.96,SMB,2026-08-30T02:00:15Z,2026-09-26T17:30:00Z
SO-202608-01051,CDC-00001051,1,2026-08-30T01:51:42Z,QC,DEV,CAD,1343.48,SMB,2026-08-30T01:57:35Z,2026-09-26T17:30:00Z
SO-202608-01052,CDC-00001052,1,2026-08-30T02:22:31Z,ON,ACC,CAD,95.69,Enterprise,2026-08-30T02:26:02Z,2026-09-26T17:30:00Z
SO-202608-01053,CDC-00001053,1,2026-08-30T02:38:33Z,ON,ACC,CAD,95.65,Consumer,2026-08-30T02:40:29Z,2026-09-26T17:30:00Z
SO-202608-01054,CDC-00001054,1,2026-08-30T03:44:53Z,ON,DEV,CAD,871.66,SMB,2026-08-30T03:53:32Z,2026-09-26T17:30:00Z
SO-202608-01055,CDC-00001055,1,2026-08-30T05:52:17Z,ON,ACC,CAD,51.89,Enterprise,2026-08-30T05:58:11Z,2026-09-26T17:30:00Z
SO-202608-01056,CDC-00001056,1,2026-08-30T05:59:25Z,QC,SVC,CAD,733.22,Consumer,2026-08-30T06:01:51Z,2026-09-26T17:30:00Z
SO-202608-01057,CDC-00001057,1,2026-08-30T06:16:35Z,BC,ACC,CAD,26.51,Consumer,2026-08-30T06:23:27Z,2026-09-26T17:30:00Z
SO-202608-01058,CDC-00001058,1,2026-08-30T06:16:42Z,BC,SVC,CAD,1331.35,Consumer,2026-08-30T06:17:48Z,2026-09-26T17:30:00Z
SO-202608-01059,CDC-00001059,1,2026-08-30T06:28:34Z,QC,SVC,CAD,205.63,SMB,2026-08-30T06:32:26Z,2026-09-26T17:30:00Z
SO-202608-01060,CDC-00001060,1,2026-08-30T06:55:25Z,QC,ACC,CAD,74.14,Consumer,2026-08-30T07:03:49Z,2026-09-26T17:30:00Z
SO-202608-01061,CDC-00001061,1,2026-08-30T07:12:21Z,QC,DEV,CAD,1071.69,SMB,2026-08-30T07:19:05Z,2026-09-26T17:30:00Z
SO-202608-01062,CDC-00001062,1,2026-08-30T08:14:50Z,ON,ACC,CAD,212.83,Consumer,2026-08-30T08:19:18Z,2026-09-26T17:30:00Z
SO-202608-01063,CDC-00001063,1,2026-08-30T08:17:44Z,QC,SVC,CAD,697.41,Consumer,2026-08-30T08:17:59Z,2026-09-26T17:30:00Z
SO-202608-01064,CDC-00001064,1,2026-08-30T08:37:50Z,BC,SVC,CAD,566.13,Consumer,2026-08-30T08:42:17Z,2026-09-26T17:30:00Z
SO-202608-01065,CDC-00001065,1,2026-08-30T09:28:46Z,ON,DEV,CAD,581.4,SMB,2026-08-30T09:34:32Z,2026-09-26T17:30:00Z
SO-202608-01066,CDC-00001066,1,2026-08-30T10:06:37Z,QC,SVC,CAD,1062.39,SMB,2026-08-30T10:11:34Z,2026-09-26T17:30:00Z
SO-202608-01067,CDC-00001067,1,2026-08-30T10:18:19Z,AB,ACC,CAD,88.99,SMB,2026-08-30T10:22:54Z,2026-09-26T17:30:00Z
SO-202608-01068,CDC-00001068,1,2026-08-30T10:21:14Z,ON,SVC,CAD,1032.63,Enterprise,2026-08-30T10:31:07Z,2026-09-26T17:30:00Z
SO-202608-01069,CDC-00001069,1,2026-08-30T11:01:03Z,ON,DEV,CAD,1575.66,SMB,2026-08-30T11:05:42Z,2026-09-26T17:30:00Z
SO-202608-01070,CDC-00001070,1,2026-08-30T11:08:10Z,BC,ACC,CAD,110.31,Consumer,2026-08-30T11:11:59Z,2026-09-26T17:30:00Z
SO-202608-01071,CDC-00001071,1,2026-08-30T11:55:54Z,ON,ACC,CAD,177.35,Consumer,2026-08-30T12:01:20Z,2026-09-26T17:30:00Z
SO-202608-01072,CDC-00001072,1,2026-08-30T11:57:50Z,QC,SVC,CAD,1243.38,Enterprise,2026-08-30T12:03:33Z,2026-09-26T17:30:00Z
SO-202608-01073,CDC-00001073,1,2026-08-30T12:44:33Z,QC,DEV,CAD,1934.69,Consumer,2026-08-30T12:51:37Z,2026-09-26T17:30:00Z
SO-202608-01074,CDC-00001074,1,2026-08-30T13:12:34Z,QC,SVC,CAD,713.97,SMB,2026-08-30T13:16:27Z,2026-09-26T17:30:00Z
SO-202608-01075,CDC-00001075,1,2026-08-30T13:45:18Z,ON,SVC,CAD,415.05,Enterprise,2026-08-30T13:46:05Z,2026-09-26T17:30:00Z
SO-202608-01076,CDC-00001076,1,2026-08-30T14:04:06Z,QC,ACC,CAD,114.2,Enterprise,2026-08-30T14:07:14Z,2026-09-26T17:30:00Z
SO-202608-01077,CDC-00001077,1,2026-08-30T14:34:55Z,QC,SVC,CAD,328.55,SMB,2026-08-30T14:44:30Z,2026-09-26T17:30:00Z
SO-202608-01078,CDC-00001078,1,2026-08-30T14:51:08Z,ON,DEV,USD,1626.98,Enterprise,2026-08-30T14:54:05Z,2026-09-26T17:30:00Z
SO-202608-01079,CDC-00001079,1,2026-08-30T16:47:19Z,QC,ACC,CAD,156.67,SMB,2026-08-30T16:54:52Z,2026-09-26T17:30:00Z
SO-202608-01080,CDC-00001080,1,2026-08-30T18:40:51Z,AB,SVC,CAD,277.86,Enterprise,2026-08-30T18:41:10Z,2026-09-26T17:30:00Z
SO-202608-01081,CDC-00001081,1,2026-08-30T19:25:41Z,BC,ACC,CAD,78.23,Enterprise,2026-08-30T19:27:58Z,2026-09-26T17:30:00Z
SO-202608-01082,CDC-00001082,1,2026-08-30T20:17:14Z,BC,DEV,CAD,2140.6,SMB,2026-08-30T20:22:31Z,2026-09-26T17:30:00Z
SO-202608-01083,CDC-00001083,1,2026-08-30T20:21:52Z,BC,ACC,CAD,167.22,Consumer,2026-08-30T20:29:55Z,2026-09-26T17:30:00Z
SO-202608-01084,CDC-00001084,1,2026-08-30T21:05:35Z,AB,SVC,CAD,608.91,Consumer,2026-08-30T21:09:47Z,2026-09-26T17:30:00Z
SO-202608-01085,CDC-00001085,1,2026-08-30T21:59:44Z,ON,DEV,CAD,1464.21,SMB,2026-08-30T22:00:26Z,2026-09-26T17:30:00Z
SO-202608-01086,CDC-00001086,1,2026-08-30T22:11:54Z,AB,SVC,CAD,231.08,Consumer,2026-08-30T22:13:01Z,2026-09-26T17:30:00Z
SO-202608-01087,CDC-00001087,1,2026-08-30T22:25:30Z,BC,ACC,CAD,197.67,SMB,2026-08-30T22:35:05Z,2026-09-26T17:30:00Z
SO-202608-01088,CDC-00001088,1,2026-08-30T23:46:34Z,ON,DEV,CAD,1688.78,Consumer,2026-08-30T23:52:44Z,2026-09-26T17:30:00Z
SO-202608-01089,CDC-00001089,1,2026-08-30T23:53:55Z,BC,DEV,CAD,814.39,Consumer,2026-08-30T23:58:12Z,2026-09-26T17:30:00Z
SO-202608-01090,CDC-00001090,1,2026-08-31T01:01:11Z,BC,SVC,CAD,741.73,SMB,2026-08-31T01:09:10Z,2026-09-26T17:30:00Z
SO-202608-01091,CDC-00001091,1,2026-08-31T02:46:28Z,ON,ACC,CAD,30.08,SMB,2026-08-31T02:56:16Z,2026-09-26T17:30:00Z
SO-202608-01092,CDC-00001092,1,2026-08-31T02:57:55Z,QC,SVC,CAD,365.92,Enterprise,2026-08-31T03:02:26Z,2026-09-26T17:30:00Z
SO-202608-01093,CDC-00001093,1,2026-08-31T03:13:53Z,ON,DEV,CAD,1147.82,SMB,2026-08-31T03:21:57Z,2026-09-26T17:30:00Z
SO-202608-01094,CDC-00001094,1,2026-08-31T03:35:45Z,QC,ACC,CAD,188.05,SMB,2026-08-31T03:44:41Z,2026-09-26T17:30:00Z
SO-202608-01095,CDC-00001095,1,2026-08-31T03:43:46Z,ON,ACC,CAD,101.49,Consumer,2026-08-31T03:47:06Z,2026-09-26T17:30:00Z
SO-202608-01096,CDC-00001096,1,2026-08-31T04:43:52Z,BC,ACC,CAD,65.43,Enterprise,2026-08-31T04:46:42Z,2026-09-26T17:30:00Z
SO-202608-01097,CDC-00001097,1,2026-08-31T05:51:11Z,QC,ACC,CAD,155.06,SMB,2026-08-31T05:57:58Z,2026-09-26T17:30:00Z
SO-202608-01098,CDC-00001098,1,2026-08-31T06:48:24Z,ON,DEV,CAD,1048.21,Enterprise,2026-08-31T06:58:14Z,2026-09-26T17:30:00Z
SO-202608-01099,CDC-00001099,1,2026-08-31T07:08:24Z,QC,ACC,CAD,198.81,Consumer,2026-08-31T07:14:07Z,2026-09-26T17:30:00Z
SO-202608-01100,CDC-00001100,1,2026-08-31T07:51:32Z,ON,ACC,CAD,139.14,SMB,2026-08-31T08:00:20Z,2026-09-26T17:30:00Z
SO-202608-01101,CDC-00001101,1,2026-08-31T08:55:50Z,AB,SVC,CAD,520.93,Consumer,2026-08-31T09:02:58Z,2026-09-26T17:30:00Z
SO-202608-01102,CDC-00001102,1,2026-08-31T09:06:22Z,ON,SVC,CAD,769.21,Enterprise,2026-08-31T09:10:20Z,2026-09-26T17:30:00Z
SO-202608-01103,CDC-00001103,1,2026-08-31T09:10:51Z,ON,DEV,CAD,1432.87,Consumer,2026-08-31T09:12:17Z,2026-09-26T17:30:00Z
SO-202608-01104,CDC-00001104,1,2026-08-31T09:38:56Z,ON,ACC,CAD,93.41,SMB,2026-08-31T09:43:24Z,2026-09-26T17:30:00Z
SO-202608-01105,CDC-00001105,1,2026-08-31T10:04:30Z,ON,DEV,CAD,2023.38,Enterprise,2026-08-31T10:06:27Z,2026-09-26T17:30:00Z
SO-202608-01106,CDC-00001106,1,2026-08-31T10:20:06Z,AB,SVC,CAD,1209.66,Consumer,2026-08-31T10:24:53Z,2026-09-26T17:30:00Z
SO-202608-01107,CDC-00001107,1,2026-08-31T10:45:16Z,BC,DEV,CAD,1769.92,Consumer,2026-08-31T10:55:05Z,2026-09-26T17:30:00Z
SO-202608-01108,CDC-00001108,1,2026-08-31T10:49:05Z,QC,SVC,CAD,1013.69,Consumer,2026-08-31T10:54:35Z,2026-09-26T17:30:00Z
SO-202608-01109,CDC-00001109,1,2026-08-31T11:26:09Z,ON,ACC,CAD,156.85,Consumer,2026-08-31T11:30:18Z,2026-09-26T17:30:00Z
SO-202608-01110,CDC-00001110,1,2026-08-31T12:49:50Z,ON,ACC,USD,171.67,Consumer,2026-08-31T12:58:12Z,2026-09-26T17:30:00Z
SO-202608-01111,CDC-00001111,1,2026-08-31T12:51:19Z,QC,ACC,CAD,204.47,Consumer,2026-08-31T12:52:39Z,2026-09-26T17:30:00Z
SO-202608-01112,CDC-00001112,1,2026-08-31T15:22:43Z,ON,SVC,CAD,839.29,Enterprise,2026-08-31T15:29:06Z,2026-09-26T17:30:00Z
SO-202608-01113,CDC-00001113,1,2026-08-31T17:15:35Z,QC,ACC,CAD,85.07,Consumer,2026-08-31T17:15:58Z,2026-09-26T17:30:00Z
SO-202608-01114,CDC-00001114,1,2026-08-31T18:02:39Z,QC,ACC,CAD,146.48,Consumer,2026-08-31T18:02:57Z,2026-09-26T17:30:00Z
SO-202608-01115,CDC-00001115,1,2026-08-31T18:48:52Z,ON,DEV,CAD,2046.47,SMB,2026-08-31T18:50:25Z,2026-09-26T17:30:00Z
SO-202608-01116,CDC-00001116,1,2026-08-31T21:33:11Z,BC,ACC,CAD,190.72,Consumer,2026-08-31T21:35:51Z,2026-09-26T17:30:00Z
SO-202608-01117,CDC-00001117,1,2026-08-31T21:52:34Z,AB,DEV,CAD,1365.88,Consumer,2026-08-31T21:53:23Z,2026-09-26T17:30:00Z
SO-202608-01118,CDC-00001118,1,2026-08-31T22:05:45Z,BC,DEV,CAD,1553.15,SMB,2026-08-31T22:11:24Z,2026-09-26T17:30:00Z
SO-202608-01119,CDC-00001119,1,2026-08-31T22:43:42Z,BC,SVC,CAD,864.53,Enterprise,2026-08-31T22:47:47Z,2026-09-26T17:30:00Z
SO-202608-01120,CDC-00001120,1,2026-08-31T23:07:47Z,BC,ACC,USD,74.64,Consumer,2026-08-31T23:09:05Z,2026-09-26T17:30:00Z
SO-202608-01121,CDC-00001121,1,2026-08-31T23:46:42Z,AB,ACC,CAD,26.08,SMB,2026-08-31T23:55:30Z,2026-09-26T17:30:00Z
